,#,Full Name,Team,Pos.,Ht.,Year,Hometown,Previous School,ImageURL
0,3,Ella Brubaker,seattle,G,6-0,Graduate Student,"University Place, WA",The Master's / Pepperdine,https://goseattleu.com/imgproxy/8wjRPnIdRZZIbDOXp3TME-SUmsnEUYX3bvwlw-7XL-4/rs:fit:1980:0:0/g:ce/q:90/aHR0cHM6Ly9zdG9yYWdlLmdvb2dsZWFwaXMuY29tL2dvc2VhdHRsZXUtY29tLXByb2QvMjAyNS8xMC8wOS9NUEZSb0RjVmpqaFFvcktheXN5YnBnY2cwQmNOSGRjR1RyWGk2MXFVLnBuZw.png
1,4,Fia Proctor,seattle,F,6-2,Sophomore,"Bothell, WA",Wyoming,https://goseattleu.com/imgproxy/lT84Eiib8dxXLjZTLzwcEEjJ57UGhnWaudg-BO-H7HA/rs:fit:1980:0:0/g:ce/q:90/aHR0cHM6Ly9zdG9yYWdlLmdvb2dsZWFwaXMuY29tL2dvc2VhdHRsZXUtY29tLXByb2QvMjAyNS8xMC8wOS9MNzlmZG5sVG5ROXRNQzVnR3dCUnJkV09lakFQcDVIRGFDYWZKaWxXLnBuZw.png
2,5,Dylan Mogel,seattle,G,5-9,Freshman,"Clackamas, OR",,https://goseattleu.com/imgproxy/GjzClbkFb4-W9mtTVxl3VaZ_1ZrH0WCOQzp4uRrZF3I/rs:fit:1980:0:0/g:ce/q:90/aHR0cHM6Ly9zdG9yYWdlLmdvb2dsZWFwaXMuY29tL2dvc2VhdHRsZXUtY29tLXByb2QvMjAyNS8xMC8wOS9TUWt3dnhLbXM5VHFUeGVCY2dCenlwc0ZnMmdkbWdiY3JVQTZzN2xxLnBuZw.png
3,6,Andjela Bigovic,seattle,F,6-5,Graduate Student,"Herceg Novi, Montenegro",Cochise College / Tarleton State,https://goseattleu.com/imgproxy/ds2UsutAxUfSsMMBunNd2IIBY9_GXOiNYonQM8yQQzA/rs:fit:1980:0:0/g:ce/q:90/aHR0cHM6Ly9zdG9yYWdlLmdvb2dsZWFwaXMuY29tL2dvc2VhdHRsZXUtY29tLXByb2QvMjAyNS8xMC8wOS9EbzRuSnI2WWtHcW1uOGx1Y2xaY1RrV004Y0pzN0EySldpczdPbUYxLnBuZw.png
4,7,Lucija Milkovic,seattle,C,6-6,Junior,"Sibenik, Croatia",Missouri,https://goseattleu.com/imgproxy/Y2iEJjG--ZJ35FBiK4Lfio9DERkR5zXEcJ3JCMnnyuc/rs:fit:1980:0:0/g:ce/q:90/aHR0cHM6Ly9zdG9yYWdlLmdvb2dsZWFwaXMuY29tL2dvc2VhdHRsZXUtY29tLXByb2QvMjAyNS8xMC8wOS9tZktnSEdkYmZETFdsa0FyeG8xbnpleDd1MWUzd0dtZjlwclpUUTdiLnBuZw.png
5,8,Chloe Emanga,seattle,G,5-9,Freshman,"Marbach Am Neckar, Germany",BasCats USC Heidelberg,https://goseattleu.com/imgproxy/CfoRoMa7CQBDPXJA4SEv1d8OKSy4StWqGvLxTi4JMhE/rs:fit:1980:0:0/g:ce/q:90/aHR0cHM6Ly9zdG9yYWdlLmdvb2dsZWFwaXMuY29tL2dvc2VhdHRsZXUtY29tLXByb2QvMjAyNS8xMC8wOS82UEdENGZvZk16NVFVNFA5c01DWVBOQjhaWFo5T1NPRzc4SVVpa0dvLnBuZw.png
6,9,Jana Vesic,seattle,G,5-7,Freshman,"Belgrade, Serbia",,https://goseattleu.com/imgproxy/TRnpsePGP3bf6OKdSgsSEGk-j81iVKC0DE6AWhSOSU0/rs:fit:1980:0:0/g:ce/q:90/aHR0cHM6Ly9zdG9yYWdlLmdvb2dsZWFwaXMuY29tL2dvc2VhdHRsZXUtY29tLXByb2QvMjAyNS8xMC8wOS9VR2ZLc3FydXkyV0Z1MkZiTkk0Q0pySkhld3cyM1VEZVhHMWs3ZVMxLnBuZw.png
7,14,Tamia Stricklin,seattle,F,6-0,R-Sr.,"Renton, WA",Fresno State,https://goseattleu.com/imgproxy/hqdnYu8VbJjGaIhA0nssmoz8bxDh7cCPZKb3zncEwM4/rs:fit:1980:0:0/g:ce/q:90/aHR0cHM6Ly9zdG9yYWdlLmdvb2dsZWFwaXMuY29tL2dvc2VhdHRsZXUtY29tLXByb2QvMjAyNS8xMC8wOS9qT3o1QmpZSnVodGU0TnVub0dXUDAwQ3dFellYalM3UEZWbnpsSmR5LnBuZw.png
8,21,Aaliyah Ibarra,seattle,G,5-8,Senior,"Las Vegas, NV",Utah Tech,https://goseattleu.com/imgproxy/_TvXo-Wd26emOYoDBaIWFf6n66GR8yidVSZMwYhfao4/rs:fit:1980:0:0/g:ce/q:90/aHR0cHM6Ly9zdG9yYWdlLmdvb2dsZWFwaXMuY29tL2dvc2VhdHRsZXUtY29tLXByb2QvMjAyNS8xMC8wOS91UE5TTnZHY2JrQ1J6WWlkTXVwZE9Ta1J3Q1pnWUkxeE9nN1RSa2VCLnBuZw.png
9,22,Lucy Larson,seattle,G,5-10,Sophomore,"Seattle, WA",,https://goseattleu.com/imgproxy/dR1mTc9WB43roTFVu20B6gcm0knq8UA90sb7kmGCh0Y/rs:fit:1980:0:0/g:ce/q:90/aHR0cHM6Ly9zdG9yYWdlLmdvb2dsZWFwaXMuY29tL2dvc2VhdHRsZXUtY29tLXByb2QvMjAyNS8xMC8wOS8zWXVFQnJjUkFCSzJ6VVB2ejhTQnFFdHY0M0o4clh1WVAyUnRqSlZ3LnBuZw.png
10,24,Sydnie Rodriguez,seattle,G,6-0,Sophomore,"Boise, ID",Owhyee HS,https://goseattleu.com/imgproxy/coiLDNnfD4ptGSHU6KNsQGAz0cK2mGzljSZiA1gw3wc/rs:fit:1980:0:0/g:ce/q:90/aHR0cHM6Ly9zdG9yYWdlLmdvb2dsZWFwaXMuY29tL2dvc2VhdHRsZXUtY29tLXByb2QvMjAyNS8xMC8wOS85RENVaGt6T2NWaUlaMWMySEJLck1YeTM4a1Q4aWN3RnhJRHBzQzlzLnBuZw.png
11,0,Tiara Bolden,osu,G,5-11,Gr.,"Eugene, OR",,https://images.sidearmdev.com/crop?url=https%3A%2F%2Fdxbhsrqyrr690.cloudfront.net%2Fsidearm.nextgen.sites%2Foregonstate.sidearmsports.com%2Fimages%2F2024%2F10%2F2%2FWBB_Headshot-9.jpg&width=603&height=803&gravity=north&type=webp
12,1,Kennedie Shuler,osu,G,5-10,Jr.,"Gresham, OR",,https://images.sidearmdev.com/crop?url=https%3A%2F%2Fdxbhsrqyrr690.cloudfront.net%2Fsidearm.nextgen.sites%2Foregonstate.sidearmsports.com%2Fimages%2F2024%2F10%2F2%2FWBB_Headshot-2.jpg&width=603&height=803&gravity=north&type=webp
13,2,Katelyn Field,osu,G,5-11,Fr.,"Melbourne, Australia",,https://images.sidearmdev.com/crop?url=https%3A%2F%2Fdxbhsrqyrr690.cloudfront.net%2Fsidearm.nextgen.sites%2Foregonstate.sidearmsports.com%2Fimages%2F2025%2F5%2F12%2FKF_Headshot.jpg&width=603&height=803&gravity=north&type=webp
14,3,Jenna Villa,osu,G,6-1,Jr.,"Arlington, WA",,https://images.sidearmdev.com/crop?url=https%3A%2F%2Fdxbhsrqyrr690.cloudfront.net%2Fsidearm.nextgen.sites%2Foregonstate.sidearmsports.com%2Fimages%2F2025%2F5%2F12%2F25WBB_Recruit_Jenna_Villa_0009.jpg&width=603&height=803&gravity=north&type=webp
15,4,Ally Schimel,osu,G,5-10,So.,"Corbett, OR",,https://images.sidearmdev.com/crop?url=https%3A%2F%2Fdxbhsrqyrr690.cloudfront.net%2Fsidearm.nextgen.sites%2Foregonstate.sidearmsports.com%2Fimages%2F2024%2F10%2F2%2FWBB_Headshot-6.jpg&width=603&height=803&gravity=north&type=webp
16,7,Lucia Navarro,osu,G,6-0,Jr.,"Valencia, Spain",,https://images.sidearmdev.com/crop?url=https%3A%2F%2Fdxbhsrqyrr690.cloudfront.net%2Fsidearm.nextgen.sites%2Foregonstate.sidearmsports.com%2Fimages%2F2024%2F10%2F2%2FWBB_Headshot-12.jpg&width=603&height=803&gravity=north&type=webp
17,10,Susana Yepes,osu,F,6-0,R-Sr.,"Medellin, Colombia",,https://images.sidearmdev.com/crop?url=https%3A%2F%2Fdxbhsrqyrr690.cloudfront.net%2Fsidearm.nextgen.sites%2Foregonstate.sidearmsports.com%2Fimages%2F2024%2F10%2F2%2FWBB_Headshot-11.jpg&width=603&height=803&gravity=north&type=webp
18,12,Mackenzie Shivers,osu,G,5-6,R-Jr.,"Mesa, AZ",,https://images.sidearmdev.com/crop?url=https%3A%2F%2Fdxbhsrqyrr690.cloudfront.net%2Fsidearm.nextgen.sites%2Foregonstate.sidearmsports.com%2Fimages%2F2024%2F10%2F2%2FWBB_Headshot-8.jpg&width=603&height=803&gravity=north&type=webp
19,15,Lizzy Williamson,osu,F,6-5,Gr.,"Adelaide, Australia",,https://images.sidearmdev.com/crop?url=https%3A%2F%2Fdxbhsrqyrr690.cloudfront.net%2Fsidearm.nextgen.sites%2Foregonstate.sidearmsports.com%2Fimages%2F2025%2F5%2F16%2F25WBB_Recruit_Lizzy_Williamson_0037.jpg&width=603&height=803&gravity=north&type=webp
20,16,Elisa Mehyar,osu,F,6-5,So.,"Copenhagen, Denmark",,https://images.sidearmdev.com/crop?url=https%3A%2F%2Fdxbhsrqyrr690.cloudfront.net%2Fsidearm.nextgen.sites%2Foregonstate.sidearmsports.com%2Fimages%2F2024%2F10%2F2%2FWBB_Headshot-10.jpg&width=603&height=803&gravity=north&type=webp
21,22,Lara Alonso-Basurto,,F,6-3,Fr.,"Madrid, Spain",,osu
22,25,Keira Lindemans,osu,G,6-0,Fr.,"Melbourne, Australia",,https://images.sidearmdev.com/crop?url=https%3A%2F%2Fdxbhsrqyrr690.cloudfront.net%2Fsidearm.nextgen.sites%2Foregonstate.sidearmsports.com%2Fimages%2F2025%2F5%2F12%2FKL_Headshot.jpg&width=603&height=803&gravity=north&type=webp
23,30,Catarina Ferreira,osu,G,6-0,Gr.,"Sao Paulo, Brazil",,https://images.sidearmdev.com/crop?url=https%3A%2F%2Fdxbhsrqyrr690.cloudfront.net%2Fsidearm.nextgen.sites%2Foregonstate.sidearmsports.com%2Fimages%2F2024%2F10%2F2%2FWBB_Headshot-7.jpg&width=603&height=803&gravity=north&type=webp
24,31,Cloe Vecina,osu,G,5-8,So.,"Vigo, Spain",,https://images.sidearmdev.com/crop?url=https%3A%2F%2Fdxbhsrqyrr690.cloudfront.net%2Fsidearm.nextgen.sites%2Foregonstate.sidearmsports.com%2Fimages%2F2024%2F10%2F2%2FWBB_Headshot-5.jpg&width=603&height=803&gravity=north&type=webp
25,32,Néné Sow,osu,C,6-8,R-Sr.,"Brussels, Belgium",,https://images.sidearmdev.com/crop?url=https%3A%2F%2Fdxbhsrqyrr690.cloudfront.net%2Fsidearm.nextgen.sites%2Foregonstate.sidearmsports.com%2Fimages%2F2025%2F5%2F12%2F25WBB_Recruit_Ne_ne__Sow_0060.jpg&width=603&height=803&gravity=north&type=webp
26,0,Ivory Finley,pepperdine,G,5-10,Gr.,"Minneapolis, MN",Utah State,https://daitadul56i2n.cloudfront.net/images/2025/9/26/0_ivory.jpg?width=80&quality=90
27,1,Taija Sta. Maria,pepperdine,G,5-6,Jr.,"Toronto, Ontario, Canada",Fresno State,https://daitadul56i2n.cloudfront.net/images/2025/9/26/1_taija.jpg?width=80&quality=90
28,2,Ellison Guiney,pepperdine,G,5-11,So.,"Goodyear, AZ",UNLV,https://daitadul56i2n.cloudfront.net/images/2025/9/26/2_guiney.jpg?width=80&quality=90
29,3,Bella Green,pepperdine,G,6-0,Gr.,"Perth, Australia",University of West Florida,https://daitadul56i2n.cloudfront.net/images/2025/9/26/3_green.jpg?width=80&quality=90
30,10,Ilinca Belegante,pepperdine,G,6-0,Fr.,"Bucharest, Romania",,https://daitadul56i2n.cloudfront.net/images/2025/9/26/10_Ilinca.jpg?width=80&quality=90
31,11,Quinn VanSickle,pepperdine,G,5-8,Fr.,"Castle Rock, CO",,https://daitadul56i2n.cloudfront.net/images/2025/9/26/11_quinn.jpg?width=80&quality=90
32,12,Shorna Preston,pepperdine,F,6-1,Jr.,"Christchurch, New Zealand",Dodge City Community College,https://daitadul56i2n.cloudfront.net/images/2025/9/26/12_Shorna.jpg?width=80&quality=90
33,13,Meghan Fiso,pepperdine,G,5-10,Gr.,"Seattle, WA",San Diego State,https://daitadul56i2n.cloudfront.net/images/2025/9/26/13_meghan.jpg?width=80&quality=90
34,22,Lina Falk,pepperdine,G,6-2,Jr.,"Wolfenbüttel, Germany",Sacramento State,https://daitadul56i2n.cloudfront.net/images/2025/9/26/22_lina.jpg?width=80&quality=90
35,30,Seleh Harmon,pepperdine,G,5-10,Fr.,"Norman, OK",,https://daitadul56i2n.cloudfront.net/images/2025/9/26/30_seleh.jpg?width=80&quality=90
36,31,Irune Orio,pepperdine,F,6-2,Sr.,"Balmaseda, Spain",Sacramento State / Xavier,https://daitadul56i2n.cloudfront.net/images/2025/9/26/31_irune.jpg?width=80&quality=90
37,44,Zoe Shanahan,pepperdine,F,6-2,Fr.,"Melbourne, Australia",,https://daitadul56i2n.cloudfront.net/images/2025/9/26/44_Zoe.jpg?width=80&quality=90
38,1,Paige Lofing,gonzaga,G,5-9,Fr.,"Billings, MT",,https://d2jpxbzntgxotn.cloudfront.net/images/2025/9/10/paige_lofing-2059.JPG?width=80&quality=90
39,2,Vera Gunaydin,gonzaga,G,5-9,Sr.,"Ankara, Turkey",South Georgia Tech,https://d2jpxbzntgxotn.cloudfront.net/images/2025/9/10/vera_gunaydin-7778.JPG?width=80&quality=90
40,3,Julia Wilson,gonzaga,G,5-10,Fr.,"Temecula, CA",Rancho Christian HS,https://d2jpxbzntgxotn.cloudfront.net/images/2025/9/10/julia_wilson-7070.JPG?width=80&quality=90
41,4,Sierra Lichtie,gonzaga,F,6-0,Gr.,"Riverton, UT",Cal Poly,https://d2jpxbzntgxotn.cloudfront.net/images/2025/9/10/sierra_lichtie-8103.JPG?width=80&quality=90
42,8,Ines Bettencourt,gonzaga,G,5-9,Sr.,"Sao Miguel, Portugal",UConn,https://d2jpxbzntgxotn.cloudfront.net/images/2025/9/10/ines_bettencourt-6446.JPG?width=80&quality=90
43,11,Allie Turner,gonzaga,G,5-8,So.,"St. Louis, MO",John Burroughs HS,https://d2jpxbzntgxotn.cloudfront.net/images/2025/9/10/new_allie_pic.JPG?width=80&quality=90
44,12,Christabel Osarobo,gonzaga,G,5-11,So.,"Tudela, Spain",Ipswich Basketball Academy,https://d2jpxbzntgxotn.cloudfront.net/images/2025/9/10/christabel_osarobo-7880-3.JPG?width=80&quality=90
45,20,Taylor Smith,gonzaga,F,6-2,Jr.,"Pocatello, ID",Weber State,https://d2jpxbzntgxotn.cloudfront.net/images/2025/9/10/taylor_smith-1502.JPG?width=80&quality=90
46,22,McKynnlie Dalan,gonzaga,F,6-0,Jr.,"Montesano, WA",Minnesota,https://d2jpxbzntgxotn.cloudfront.net/images/2025/9/10/mckynnlie_dalan.JPG?width=80&quality=90
47,23,Jaiden Haile,gonzaga,F,6-2,Fr.,"Fargo, ND",West Fargo Horace HS,https://d2jpxbzntgxotn.cloudfront.net/images/2025/9/10/jaiden_haile.JPG?width=80&quality=90
48,24,Teryn Gardner,gonzaga,G,5-10,So.,"Spokane, WA",Boise State,https://d2jpxbzntgxotn.cloudfront.net/images/2025/9/10/teryn_gardner-7278.JPG?width=80&quality=90
49,33,Lauren Whittaker,gonzaga,F,6-3,R-Fr.,"Canterbury, New Zealand",,https://d2jpxbzntgxotn.cloudfront.net/images/2025/9/10/lauren_whittaker-1119.JPG?width=80&quality=90
50,55,Zeryhia Aokuso,gonzaga,G,5-10,Jr.,"Amarillo, TX",Saint Mary's,https://d2jpxbzntgxotn.cloudfront.net/images/2025/9/10/zerhyia_aokuso-7494.JPG?width=80&quality=90
51,0,Jess Lawson,lmu,G,5-7,Gr.,"Las Vegas, NV",Central Michigan,https://d2vhz6gv4pigvw.cloudfront.net/images/2025/10/2/Jess_Lawson.jpg?width=80&quality=90
52,2,Mari Somvichian,lmu,G,5-4,Jr.,"Oakland, CA",,https://d2vhz6gv4pigvw.cloudfront.net/images/2025/10/2/Mari_Somvichian.jpg?width=80&quality=90
53,4,Allison Clarke,lmu,G,5-11,So.,"Anaheim, CA",,https://d2vhz6gv4pigvw.cloudfront.net/images/2025/10/2/Allison_Clarke.jpg?width=80&quality=90
54,5,Carly Heidger,lmu,G,6-3,Sr.,"Dacula, GA",Samford,https://d2vhz6gv4pigvw.cloudfront.net/images/2025/10/2/Carly_Heidger.jpg?width=80&quality=90
55,7,Ana Milanovic,lmu,F,6-2,So.,"Belgrade, Serbia",Middle Tennessee,https://d2vhz6gv4pigvw.cloudfront.net/images/2025/10/2/Ana_Milanovic.jpg?width=80&quality=90
56,10,Lova Lagerlid,lmu,G,6-1,So.,"Stockholm, Sweden",Colorado,https://d2vhz6gv4pigvw.cloudfront.net/images/2025/10/2/Lova_Lagerlid.jpg?width=80&quality=90
57,13,Ivana Krajina,lmu,G,5-11,Sr.,"Kastel Novi, Croatia",Texas Tech,https://d2vhz6gv4pigvw.cloudfront.net/images/2025/10/2/Ivana_Krajina.jpg?width=80&quality=90
58,22,Alia Matavao,lmu,F,6-0,Jr.,"Las Vegas, NV",BYU,https://d2vhz6gv4pigvw.cloudfront.net/images/2025/10/2/Ali_a_Matavao.jpg?width=80&quality=90
59,24,Kayla Jones,lmu,F,6-0,Jr.,"Norman, OK",Grayson College,https://d2vhz6gv4pigvw.cloudfront.net/images/2025/10/2/Kayla_Jones.jpg?width=80&quality=90
60,28,Andjela Matic,lmu,G,5-9,Sr.,"Ub, Serbia",Duquesne,https://d2vhz6gv4pigvw.cloudfront.net/images/2025/10/2/Andjela_Matic.jpg?width=80&quality=90
61,30,Paula Reus Piza,lmu,F,6-1,Gr.,"Palma De Mallorca, Spain",New Mexico,https://d2vhz6gv4pigvw.cloudfront.net/images/2025/10/2/Paula_Reus_Piza.jpg?width=80&quality=90
62,54,Zawadi Ogot,lmu,G,5-11,So.,"Upland, CA",,https://d2vhz6gv4pigvw.cloudfront.net/images/2025/10/2/Zawadi_Ogot.jpg?width=80&quality=90
63,55,Maya Hernandez,lmu,F,6-0,Jr.,"San Jose, CA",,https://d2vhz6gv4pigvw.cloudfront.net/images/2025/10/2/Maya_Hernandez.jpg?width=80&quality=90
64,2,Aniya Hooker,santa clara,G,5-8,So.,"Lynnwood, WA",,https://santaclarabroncos.com/images/2025/9/18/hooker_aniyaDJR13246.JPG?width=80&quality=90
65,3,Kate Schat,santa clara,G,5-9,Fr.,"Redwood Valley, CA",,https://santaclarabroncos.com/images/2025/9/18/schat_katieDJR13224.JPG?width=80&quality=90
66,4,Maddy Warberg,santa clara,G,5-11,Fr.,"Eugene, OR",,https://santaclarabroncos.com/images/2025/9/18/warberg_maddyDJR13195.JPG?width=80&quality=90
67,5,Sara Schmerbach,santa clara,G,5-11,Fr.,"South Medford, OR",,https://santaclarabroncos.com/images/2025/9/18/schimerbach_saraDJR13228.JPG?width=80&quality=90
68,6,Sienna Grieger,santa clara,G,5-9,Fr.,"West Adelaide, Australia",,https://santaclarabroncos.com/images/2025/9/18/grieger_siennaDJR13186.JPG?width=80&quality=90
69,9,Maia Jones,santa clara,G,5-10,R-Jr.,"Tasman, New Zealand",,https://santaclarabroncos.com/images/2025/9/18/jones_maiaDJR13254.JPG?width=80&quality=90
70,10,Lauren Grover,santa clara,F,6-1,Sr.,"Corona, CA",,https://santaclarabroncos.com/images/2025/9/18/grover_laurenDJR13261.JPG?width=80&quality=90
71,11,Alana Goodchild,santa clara,F,6-2,Sr.,"Sydney, Australia",,https://santaclarabroncos.com/images/2025/9/18/goodchild_alannaDJR13217.JPG?width=80&quality=90
72,12,Sophie Glancey,santa clara,F,6-2,Gr.,"Boise, ID",,https://santaclarabroncos.com/images/2025/9/18/glancey_sophieDJR13209_dcKrR.JPG?width=80&quality=90
73,13,Ava Schmidt,santa clara,F,6-2,Jr.,"Sammamish, WA",,https://santaclarabroncos.com/images/2025/9/18/schmidt_avaDJR13235.JPG?width=80&quality=90
74,20,Delainey Miller,santa clara,G,5-10,Fr.,"Aurora, CO",,https://santaclarabroncos.com/images/2025/9/18/miller_delaneyDJR13189.JPG?width=80&quality=90
75,23,Ashley Hawkins,santa clara,G,5-6,Gr.,"Long Beach, CA",,https://santaclarabroncos.com/images/2025/9/18/hawkins_ashleyDJR13268.JPG?width=80&quality=90
76,24,Reilly Clark,santa clara,G,5-10,R-So.,"Tucson, AZ",,https://santaclarabroncos.com/images/2025/9/18/clark_reillyDJR13192.JPG?width=80&quality=90
77,30,Kylee Fox,santa clara,F,5-11,Jr.,"Richland, WA",,https://santaclarabroncos.com/images/2025/9/18/fox_kyleeDJR13231_lFMvf.JPG?width=80&quality=90
78,34,Tyler Gildersleeve-Stiles,santa clara,F,6-1,Fr.,"Snohomish, WA",,https://images.sidearmdev.com/resize?url=https%3a%2f%2fdbukjj6eu5tsf.cloudfront.net%2fsidearm.sites%2fsantaclara.sidearmsports.com%2fimages%2f2025%2f9%2f18%2fgildersleevestiles_tylerDJR13266_mSdFb.JPG&width=80&type=webp&quality=90
79,0,Jada Hunter,smc,G,5-10,Jr.,"Vallejo, CA",Laney College,https://duq7p5k7s6jsa.cloudfront.net/images/2024/10/5/Jada_Hunter.png?width=80&quality=90
80,2,Amy Kurkowski,smc,G,6-1,So.,"Melbourne, Australia",,https://duq7p5k7s6jsa.cloudfront.net/images/2024/10/5/Amy_Kurkowski.png?width=80&quality=90
81,3,Mauriana Hashemian-Orr,smc,G,5-7,So.,"Portland, OR",,https://duq7p5k7s6jsa.cloudfront.net/images/2024/10/17/MHO.jpg?width=80&quality=90
82,4,Charlece Ohiaeri,smc,G,6-1,Jr.,"Las Vegas, NV",Depaul,https://duq7p5k7s6jsa.cloudfront.net/images/2025/7/8/Charlece_Ohiaeri_Summer_Headshot.png?width=80&quality=90
83,5,Abigail Shoff,smc,F,6-0,Jr.,"Redding, CA",Long Beach State,https://duq7p5k7s6jsa.cloudfront.net/images/2024/10/5/Abigail_Shoff.png?width=80&quality=90
84,7,Edie Clarke,smc,F,6-4,So.,"Melbourne, Australia",,https://duq7p5k7s6jsa.cloudfront.net/images/2024/10/5/Edie_Clarke.png?width=80&quality=90
85,8,Emily Foy,smc,G,6-1,Jr.,"Newcastle, Australia",,https://duq7p5k7s6jsa.cloudfront.net/images/2024/10/5/Emily_Foy.png?width=80&quality=90
86,10,Georgia Grigoropoulou,smc,F,6-3,Sr.,"Athens, Greece",Santa Clara,https://duq7p5k7s6jsa.cloudfront.net/images/2025/7/8/Georgia_Grigoropoulou_Summer_Headshot.png?width=80&quality=90
87,11,Coco Urlacher,smc,G,5-10,Fr.,"Palatine, IL",,https://duq7p5k7s6jsa.cloudfront.net/images/2025/7/8/Coco_Urlacher_Summer_Headshot.png?width=80&quality=90
88,13,Malia Latu,smc,G,5-8,Gr.,"East Palo Alto, CA",Santa Clara,https://duq7p5k7s6jsa.cloudfront.net/images/2025/7/8/Malia_Latu_Summer_Headshot.png?width=80&quality=90
89,22,Melesungu Afeaki,smc,F,6-2,Sr.,"San Bruno, CA",University of San Diego,https://duq7p5k7s6jsa.cloudfront.net/images/2024/10/5/Melesungu_Afeaki.png?width=80&quality=90
90,23,Addi Wedin,smc,G,5-10,R-Jr.,"Happy Valley, OR",,https://duq7p5k7s6jsa.cloudfront.net/images/2024/10/17/AW.jpg?width=80&quality=90
91,24,Colleena Bryant,smc,G,5-7,Fr.,"Detroit, MI",,https://duq7p5k7s6jsa.cloudfront.net/images/2025/7/8/Colleena_Bryant_Summer_Headshot.png?width=80&quality=90
92,33,Ella Wedin,smc,G,6-1,R-So.,"Happy Valley, OR",LMU,https://duq7p5k7s6jsa.cloudfront.net/images/2024/10/5/Ella_Wedin.png?width=80&quality=90
93,2,Mali Ennis,pacific,G,5-10,Sr.,"Burlingame, CA",Saint Mary's College,https://pacifictigers.com/images/2025/10/20/Mali_Ennis.png?width=80&quality=90
94,3,Hannah Burg,pacific,G,5-6,Sr.,"Colorado Springs, CO",Augustana (SD),https://pacifictigers.com/images/2025/10/20/Hannah_Burg.png?width=80&quality=90
95,5,Stella Szabo,pacific,G,5-11,R-So.,"Stockholm, Sweden",Luleaa Gymnasieskola,https://pacifictigers.com/images/2025/10/20/Stella_Szabo.png?width=80&quality=90
96,7,Liv Yergensen,pacific,G,5-11,Fr.,"El Dorado Hills, CA",Oak Ridge HS,https://pacifictigers.com/images/2025/10/20/Liv_Yergensen.png?width=80&quality=90
97,8,Sophia Mindermann,pacific,G,5-10,Fr.,"Folsom, CA",Folsom HS,https://pacifictigers.com/images/2025/10/20/Sophia_Mindermann.png?width=80&quality=90
98,9,Marina Radocaj,pacific,G/F,6-3,Jr.,"Richmond, Canada",Arizona State / R.A. McMath Secondary School,https://pacifictigers.com/images/2025/10/20/Marina_Radocaj.png?width=80&quality=90
99,10,Sydney Ward,pacific,G/F,6-0,Sr.,"Houston, TX",The Village,https://pacifictigers.com/images/2025/10/20/Sydney_Ward.png?width=80&quality=90
100,11,Luisa Anderegg,pacific,F,6-2,Sr.,"Cologne, Germany",Midland College,https://pacifictigers.com/images/2025/10/20/Luisa_Anderegg.png?width=80&quality=90
101,15,Nyah Lowery,pacific,G,5-11,Jr.,"Sacramento, CA",Saint Mary's,https://pacifictigers.com/images/2025/10/20/Nyah_Lowery.png?width=80&quality=90
102,21,Daria Nestorov,pacific,G,5-4,So.,"Zrenjanin, Serbia",Gymnasium Kraljevo,https://pacifictigers.com/images/2025/10/20/Daria_Nestorov.png?width=80&quality=90
103,23,Kenlee Durrill,pacific,G,5-10,R-So.,"Denver, CO",Flat Irons,https://pacifictigers.com/images/2025/10/20/Kenlee_Durrill.png?width=80&quality=90
104,24,LaMiracle Lebon,pacific,F,6-3,Fr.,"Columbus, MS",Vanden HS,https://pacifictigers.com/images/2025/10/20/LaMiracle_Lebon.png?width=80&quality=90
105,25,Winner Bartholomew,pacific,F,6-1,So.,"Abuja, Nigeria",Rider,https://pacifictigers.com/images/2025/10/20/Winner_Bartholomew.png?width=80&quality=90
106,32,Tyla Fautua,pacific,F,6-0,So.,"Brisbane, Australia",Southern Districts Spartans,https://pacifictigers.com/images/2025/10/20/Tyla_Fautua.png?width=80&quality=90
107,2,Mara Neira,usf,G,5-9,Gr.,"Baiona, Spain",Presbyterian/Appalachian State,https://drtye9aslmeh1.cloudfront.net/images/2025/10/14/2_Mara_Neira_Headshot.jpg?width=80&quality=90
108,3,Noelia Mourino,usf,F,6-2,Fr.,"O Porrino, Spain",Segle XXI Barcelona,https://drtye9aslmeh1.cloudfront.net/images/2025/10/14/3_Noelia_Mourino_Headshot.jpg?width=80&quality=90
109,4,Meghan McIntyre,usf,G,5-6,Gr.,"Garden Grove, Calif.",Southern Oregon/Orange Coast CC/Golden West CC,https://drtye9aslmeh1.cloudfront.net/images/2025/10/14/4_Meghan_McIntyre_Headshot.jpg?width=80&quality=90
110,7,Nevaeh Ferrara Horne,usf,F,6-2,Jr.,"Regina, Saskatchewan, Canada",North Dakota,https://drtye9aslmeh1.cloudfront.net/images/2025/10/14/7_Nevaeh_Ferrera_Horne_Headshot.jpg?width=80&quality=90
111,9,Aina Cargol,usf,G,5-9,Fr.,"Olot, Spain",Spar Girona,https://drtye9aslmeh1.cloudfront.net/images/2025/10/14/9_Aina_Cargol_Headshot.jpg?width=80&quality=90
112,10,Amy Pateman,usf,G,5-8,Fr.,"Auckland, New Zealand",Westlake Girls High School,https://drtye9aslmeh1.cloudfront.net/images/2025/10/14/10_Amy_Pateman_Headshot.jpg?width=80&quality=90
113,12,Natasa Tausova,usf,F,6-3,Fr.,"Poprad, Slovakia",Piestanske Cajky,https://drtye9aslmeh1.cloudfront.net/images/2025/10/14/12_Natasa_Tausova_Headshot.jpg?width=80&quality=90
114,14,Michelle Ugwah,usf,F,6-1,R-So.,"Cork, Ireland",Morehead State,https://drtye9aslmeh1.cloudfront.net/images/2025/10/14/14_Michelle_Ugwah_Headshot.jpg?width=80&quality=90
115,21,Olivia Williams,usf,G,6-1,R-Sr.,"South San Francisco, Calif.",UC Irvine,https://drtye9aslmeh1.cloudfront.net/images/2025/10/14/21_Olivia_Williams_Headshot.jpg?width=80&quality=90
116,22,Paula Tirado,usf,G,5-7,R-So.,"Mataro, Spain",IES Damia Campeny,https://drtye9aslmeh1.cloudfront.net/images/2025/10/14/22_Paula_Tirado_Headshot.jpg?width=80&quality=90
117,23,Candy Edokpaigbe,usf,G,6-0,So.,"Naples, Italy",Seattle U,https://drtye9aslmeh1.cloudfront.net/images/2025/10/14/23_Candy_Edkopaigbe_Headshot.jpg?width=80&quality=90
118,24,Sol Castro,usf,F,6-1,Gr.,"Rio Colorado, Argentina",Robert Morris,https://drtye9aslmeh1.cloudfront.net/images/2025/10/14/24_Sol_Castro_Headshot.jpg?width=80&quality=90
119,32,Sophia Priestley,usf,F,6-2,Fr.,"Oslo, Norway",Ullern IF Oslo,https://drtye9aslmeh1.cloudfront.net/images/2025/10/14/32_Sophia_Priestley_Headshot.jpg?width=80&quality=90
120,1,Malvina Haziri,wsu,G,5-9,Fr.,"Vushtrria, Kosovo",KBF Prishtina,https://d1gp0cqcpext3x.cloudfront.net/images/2025/10/9/Haziri__Malvina.png?width=80&quality=90
121,2,Eleonora Villa,wsu,G,5-8,Jr.,"Lissone, Italy",Costa Masnaga,https://d1gp0cqcpext3x.cloudfront.net/images/2025/10/9/Villa__Eleonora.png?width=80&quality=90
122,5,Jean Chiu,wsu,G,5-7,Sr.,"Taipei, Taiwan",University of Taipei,https://d1gp0cqcpext3x.cloudfront.net/images/2025/10/9/Chiu__Jean.png?width=80&quality=90
123,6,Tahara Magassa,wsu,F,6-4,Fr.,"Paris, France",Saint-Amand Hainut,https://dxbhsrqyrr690.cloudfront.net/sidearm.nextgen.sites/wsu.sidearmsports.com/images/responsive_2020/logo_main.svg
124,8,Mackenzie Chatfield,wsu,G,5-9,Jr.,"Auckland, New Zealand",Western Kentucky,https://d1gp0cqcpext3x.cloudfront.net/images/2025/10/9/Chatfield__Mackenzie.png?width=80&quality=90
125,9,Tanja Valancic,wsu,F,6-0,Fr.,"Ljubljana, Slovenia",Akson Ilirija,https://d1gp0cqcpext3x.cloudfront.net/images/2025/10/9/Valancic__Tanja.png?width=80&quality=90
126,10,Charlotte Abraham,wsu,G,6-0,So.,"Cambrai, France",Lycee Marguerite de Flandre,https://d1gp0cqcpext3x.cloudfront.net/images/2025/10/9/Abraham__Charlotte.png?width=80&quality=90
127,12,Marta Alsina,wsu,G,5-11,So.,"Barcelona, Spain",Institut Joaquim Blume,https://d1gp0cqcpext3x.cloudfront.net/images/2025/10/9/Alsina__Marta.png?width=80&quality=90
128,15,Keandra Koorits,wsu,G/F,6-2,R-Fr.,"Tallinn, Estonia",Audentes Sports Gymnasium,https://d1gp0cqcpext3x.cloudfront.net/images/2025/10/9/Koorits__Keandra.png?width=80&quality=90
129,25,Lauren Glazier,wsu,F,6-4,Sr.,"North Bend, Wash.",Mount Si HS,https://d1gp0cqcpext3x.cloudfront.net/images/2025/10/9/Glazier__Lauren.png?width=80&quality=90
130,33,Alex Covill,wsu,C,6-6,Jr.,"Missoula, Mont.",Missoula Hellgate HS,https://d1gp0cqcpext3x.cloudfront.net/images/2025/10/9/Covill__Alex.png?width=80&quality=90
131,55,Malia Ruud,wsu,F,6-2,Fr.,"Pasco, Wash.",Chiawana HS,https://d1gp0cqcpext3x.cloudfront.net/images/2025/10/9/Ruud__Malia.png?width=80&quality=90
132,0,Goundo Diakite Bayo,portland,F,6-1,Fr.,"Barcelona, Spain",IES Carles Vallbona,https://portlandpilots.com/images/2025/10/15/Diakite_Goundoba26web.JPG?width=80&quality=90
133,2,Dyani Ananiev,portland,G,6-2,R-So.,"St. Andrews, Australia",Wyndham,https://portlandpilots.com/images/2025/10/15/Ananiev_Dyani26web.JPG?width=80&quality=90
134,3,Florence Dallow,portland,G,6-2,R-So.,"Auckland, New Zealand",Epsom Girls Grammar School,https://portlandpilots.com/images/2025/10/15/Dallow_Florence26web.JPG?width=80&quality=90
135,5,Aubrey Herrin,portland,G,6-1,Fr.,"Kennewick, WA",Kamiakin HS,https://portlandpilots.com/images/2025/10/15/Herrin_Aubrey26web.JPG?width=80&quality=90
136,7,Tiffany Barbosa,portland,G,5-10,So.,"Stockholm, Sweden",RIG Lulea,https://portlandpilots.com/images/2025/10/15/Barbosa_Tiffany26web.jpg?width=80&quality=90
137,9,Jada Kennedy,portland,C,6-5,Fr.,"Melbourne, Australia",Siena College,https://portlandpilots.com/images/2025/10/15/Kennedy_Jada26web.JPG?width=80&quality=90
138,10,Natalie Fraley,portland,G,6-0,Sr.,"Kelso, WA",Utah State / Kelso HS,https://portlandpilots.com/images/2025/10/15/Fraley_Natalie26web.JPG?width=80&quality=90
139,12,Brynn Smith,portland,G,6-0,Fr.,"Eugene, OR",Willamette HS,https://portlandpilots.com/images/2025/10/15/Smith_Brynn26web.JPG?width=80&quality=90
140,14,Caitlin Monahan,portland,G,5-10,R-Fr.,"Mercer Island, WA",Mercer Island HS,https://portlandpilots.com/images/2025/10/15/Monahan_Caitlyn26web.JPG?width=80&quality=90
141,17,Nicole Anderson,portland,G,5-8,Gr.,"Eastvale, CA",LMU / SMU / Rosary Academy,https://portlandpilots.com/images/2025/10/15/Rodriguez_Nicole26web.JPG?width=80&quality=90
142,20,Lainey Spear,portland,F,6-2,Jr.,"Portland, OR",Beaverton HS,https://portlandpilots.com/images/2025/10/15/Spear_Lainey26web.JPG?width=80&quality=90
143,22,Rhyan Mogel,portland,G,5-10,Jr.,"Happy Valley, OR",Clackamas HS,https://portlandpilots.com/images/2025/10/15/Mogel_Rhyan26web.JPG?width=80&quality=90
144,35,Camille Dake,portland,G,6-0,Fr.,"Vista, CA",Rancho Buena Vista HS,https://portlandpilots.com/images/2025/10/15/Dake_Camille26web.jpg?width=80&quality=90
145,42,Ella Zimmerman,portland,F/C,6-4,So.,"Redondo Beach, CA",Redondo Union HS,https://portlandpilots.com/images/2025/10/15/Zimmerman_Ella26web.JPG?width=80&quality=90
146,44,Julia Dalan,portland,C/F,6-3,Fr.,"Centralia, WA",W.F. West HS,https://portlandpilots.com/images/2025/10/15/Dalan_Julia26web.JPG?width=80&quality=90
147,0,Ysabella Von Seipler,san diego,G,5-10,Fr.,"Rocklin, CA",,https://usdtoreros.com/images/2025/10/15/Ysabella_Von_Seipler_Head_Shot.png?width=300
148,1,Dresha Moore,san diego,F,6-0,So.,"Hawthorne, CA",,https://usdtoreros.com/images/2025/10/15/Dresha_Moore_Headshot.png?width=80&quality=90
149,2,Ryanne Bahnsen-Price,san diego,F,6-0,Fr.,"Erie, CO",,https://usdtoreros.com/images/2025/10/15/Ryanne_Bahnsen-Price_Head_Shot.png?width=300
150,3,Lilly Amor,san diego,G,5-11,So.,"Melbourne, Victoria, Australia",,https://usdtoreros.com/images/2025/10/15/Ysabella_Von_Seipler_Head_Shot.png?width=80&quality=90
151,4,Jessica Ajayi,san diego,G,5-10,Fr.,"Kent, WA",,https://usdtoreros.com/images/2025/10/15/Jessica_Ajayi_Head_Shot.png?width=80&quality=90
152,5,Lauren McCall,san diego,G,5-6,Jr.,"Boise, ID",,https://usdtoreros.com/images/2025/10/15/Lauren_McCall_Head_Shot.png?width=80&quality=90
153,6,Kylie Ray,san diego,G,5-8,So.,"La Crescenta, CA",Utah,https://usdtoreros.com/images/2025/10/15/Kylie_Ray_Head_Shot.png?width=80&quality=90
154,10,Helen Holley,san diego,F,6-1,So.,"Cleveland, OH",Michigan State,https://usdtoreros.com/images/2025/10/15/Helen_Holley_Head_Shot.png?width=80&quality=90
155,11,Malia Tharpe,san diego,F,6-0,Jr.,"Cottesloe, Western Australia, Australia",,https://usdtoreros.com/images/2025/10/15/Malia_Tharpe_Head_Shot.png?width=80&quality=90
156,12,Erica Carr,san diego,C,6-3,So.,"Grand Prairie, TX",,https://usdtoreros.com/images/2025/10/15/Erica_Carr_Headshot.png?width=80&quality=90
157,15,Eva Ruse,san diego,F,6-2,So.,"North Vancouver, British Columbia, Canada",,https://usdtoreros.com/images/2025/10/15/Eva_Ruse_Headshot.png?width=80&quality=90
158,19,Jayden Rhodes,san diego,G,5-11,Sr.,"Keller, TX",Morehead State,https://usdtoreros.com/images/2025/10/15/Jayden_Rhodes_Head_Shot.png?width=80&quality=90
159,20,Hallie Rhodes,san diego,G,5-11,Sr.,"Keller, TX",Morehead State,https://usdtoreros.com/images/2025/10/15/Hallie_Rhodes_Head_Shot.png?width=80&quality=90
160,22,Ayla Williams,san diego,C,6-0,Fr.,"Las Vegas, NV",,https://usdtoreros.com/images/2025/10/15/Ayla_Williams_Headshot.png?width=80&quality=90
161,24,Olivia Owens,san diego,G,5-10,Fr.,"Columbus, OH",,https://usdtoreros.com/images/2025/10/15/Olivia_Owens_Head_Shot.png?width=80&quality=90