#,Full Name,FullTeamName,Pos.,Ht.,Year,Hometown,userteam,FantasyPts_sum,FantasyPts_mean,rank_pos,rank_global,GP,MIN_mean,PTS_mean,REB_mean,AST_mean,STL_mean,BLK_mean,3PM_mean,3PA_mean,FTM_mean,TO_mean,FGM_mean,FGA_mean,OREB_sum,OREB_mean,DREB_sum,DREB_mean,MIN_sum,PTS_sum,REB_sum,AST_sum,STL_sum,BLK_sum,TO_sum,FGM_sum,FGA_sum,3PM_sum,3PA_sum,FTM_sum,FTA_sum,FTA_mean,Previous School,clean_name,ImageURL
3,Ella Brubaker,Seattle U Redhawks,G,6-0,Graduate Student,"University Place, WA",UserTeam1,45.0,11.25,41.0,60.0,4.0,21.5,11.5,4.5,0.75,0.5,0.25,1.0,3.25,2.5,3.25,4.0,10.0,5.0,1.25,13.0,3.25,86.0,46.0,18.0,3.0,2.0,1.0,13.0,16.0,40.0,4.0,13.0,10.0,11.0,2.75,The Master's / Pepperdine,ella brubaker,https://goseattleu.com/imgproxy/8wjRPnIdRZZIbDOXp3TME-SUmsnEUYX3bvwlw-7XL-4/rs:fit:1980:0:0/g:ce/q:90/aHR0cHM6Ly9zdG9yYWdlLmdvb2dsZWFwaXMuY29tL2dvc2VhdHRsZXUtY29tLXByb2QvMjAyNS8xMC8wOS9NUEZSb0RjVmpqaFFvcktheXN5YnBnY2cwQmNOSGRjR1RyWGk2MXFVLnBuZw.png
4,Fia Proctor,Seattle U Redhawks,F,6-2,Sophomore,"Bothell, WA",FreeAgent,17.0,4.25,29.5,105.5,4.0,11.5,2.75,1.0,0.5,0.0,0.0,0.25,0.5,1.0,0.5,0.75,1.75,1.0,0.25,3.0,0.75,46.0,11.0,4.0,2.0,0.0,0.0,2.0,3.0,7.0,1.0,2.0,4.0,4.0,1.0,Wyoming,fia proctor,https://goseattleu.com/imgproxy/lT84Eiib8dxXLjZTLzwcEEjJ57UGhnWaudg-BO-H7HA/rs:fit:1980:0:0/g:ce/q:90/aHR0cHM6Ly9zdG9yYWdlLmdvb2dsZWFwaXMuY29tL2dvc2VhdHRsZXUtY29tLXByb2QvMjAyNS8xMC8wOS9MNzlmZG5sVG5ROXRNQzVnR3dCUnJkV09lakFQcDVIRGFDYWZKaWxXLnBuZw.png
5,Dylan Mogel,Seattle U Redhawks,G,5-9,Freshman,"Clackamas, OR",UserTeam3,60.0,15.0,24.0,37.0,4.0,26.5,2.75,1.25,3.0,1.25,0.0,0.0,0.0,0.25,1.5,1.25,2.5,1.0,0.25,4.0,1.0,106.0,11.0,5.0,12.0,5.0,0.0,6.0,5.0,10.0,0.0,0.0,1.0,2.0,0.5,,dylan mogel,https://goseattleu.com/imgproxy/GjzClbkFb4-W9mtTVxl3VaZ_1ZrH0WCOQzp4uRrZF3I/rs:fit:1980:0:0/g:ce/q:90/aHR0cHM6Ly9zdG9yYWdlLmdvb2dsZWFwaXMuY29tL2dvc2VhdHRsZXUtY29tLXByb2QvMjAyNS8xMC8wOS9TUWt3dnhLbXM5VHFUeGVCY2dCenlwc0ZnMmdkbWdiY3JVQTZzN2xxLnBuZw.png
6,Andjela Bigovic,Seattle U Redhawks,F,6-5,Graduate Student,"Herceg Novi, Montenegro",UserTeam6,22.0,11.0,26.0,96.0,2.0,16.5,7.0,4.5,0.5,0.0,0.5,0.0,1.0,0.0,0.5,3.5,9.0,2.0,1.0,7.0,3.5,33.0,14.0,9.0,1.0,0.0,1.0,1.0,7.0,18.0,0.0,2.0,0.0,0.0,0.0,Cochise College / Tarleton State,andjela bigovic,https://goseattleu.com/imgproxy/ds2UsutAxUfSsMMBunNd2IIBY9_GXOiNYonQM8yQQzA/rs:fit:1980:0:0/g:ce/q:90/aHR0cHM6Ly9zdG9yYWdlLmdvb2dsZWFwaXMuY29tL2dvc2VhdHRsZXUtY29tLXByb2QvMjAyNS8xMC8wOS9EbzRuSnI2WWtHcW1uOGx1Y2xaY1RrV004Y0pzN0EySldpczdPbUYxLnBuZw.png
7,Lucija Milkovic,Seattle U Redhawks,C,6-6,Junior,"Sibenik, Croatia",FreeAgent,31.0,7.75,3.0,81.0,4.0,14.25,5.25,4.25,0.0,0.0,0.5,0.0,0.0,0.25,1.75,2.5,4.75,5.0,1.25,12.0,3.0,57.0,21.0,17.0,0.0,0.0,2.0,7.0,10.0,19.0,0.0,0.0,1.0,2.0,0.5,Missouri,lucija milkovic,https://goseattleu.com/imgproxy/Y2iEJjG--ZJ35FBiK4Lfio9DERkR5zXEcJ3JCMnnyuc/rs:fit:1980:0:0/g:ce/q:90/aHR0cHM6Ly9zdG9yYWdlLmdvb2dsZWFwaXMuY29tL2dvc2VhdHRsZXUtY29tLXByb2QvMjAyNS8xMC8wOS9tZktnSEdkYmZETFdsa0FyeG8xbnpleDd1MWUzd0dtZjlwclpUUTdiLnBuZw.png
8,Chloe Emanga,Seattle U Redhawks,G,5-9,Freshman,"Marbach Am Neckar, Germany",FreeAgent,29.0,7.25,56.5,85.5,4.0,19.25,5.5,3.25,0.0,1.0,0.0,0.25,1.0,0.75,1.5,2.25,6.25,3.0,0.75,10.0,2.5,77.0,22.0,13.0,0.0,4.0,0.0,6.0,9.0,25.0,1.0,4.0,3.0,5.0,1.25,BasCats USC Heidelberg,chloe emanga,https://goseattleu.com/imgproxy/CfoRoMa7CQBDPXJA4SEv1d8OKSy4StWqGvLxTi4JMhE/rs:fit:1980:0:0/g:ce/q:90/aHR0cHM6Ly9zdG9yYWdlLmdvb2dsZWFwaXMuY29tL2dvc2VhdHRsZXUtY29tLXByb2QvMjAyNS8xMC8wOS82UEdENGZvZk16NVFVNFA5c01DWVBOQjhaWFo5T1NPRzc4SVVpa0dvLnBuZw.png
9,Jana Vesic,Seattle U Redhawks,G,5-7,Freshman,"Belgrade, Serbia",FreeAgent,54.0,13.5,30.5,45.0,4.0,26.5,11.75,1.0,3.5,0.0,0.0,0.75,3.25,2.5,2.75,4.25,9.5,1.0,0.25,3.0,0.75,106.0,47.0,4.0,14.0,0.0,0.0,11.0,17.0,38.0,3.0,13.0,10.0,17.0,4.25,,jana vesic,https://goseattleu.com/imgproxy/TRnpsePGP3bf6OKdSgsSEGk-j81iVKC0DE6AWhSOSU0/rs:fit:1980:0:0/g:ce/q:90/aHR0cHM6Ly9zdG9yYWdlLmdvb2dsZWFwaXMuY29tL2dvc2VhdHRsZXUtY29tLXByb2QvMjAyNS8xMC8wOS9VR2ZLc3FydXkyV0Z1MkZiTkk0Q0pySkhld3cyM1VEZVhHMWs3ZVMxLnBuZw.png
14,Tamia Stricklin,Seattle U Redhawks,F,6-0,R-Sr.,"Renton, WA",FreeAgent,54.0,13.5,14.0,45.0,4.0,22.25,8.0,7.0,0.75,0.75,0.5,0.5,2.0,1.0,2.75,3.25,7.75,8.0,2.0,20.0,5.0,89.0,32.0,28.0,3.0,3.0,2.0,11.0,13.0,31.0,2.0,8.0,4.0,7.0,1.75,Fresno State,tamia stricklin,https://goseattleu.com/imgproxy/hqdnYu8VbJjGaIhA0nssmoz8bxDh7cCPZKb3zncEwM4/rs:fit:1980:0:0/g:ce/q:90/aHR0cHM6Ly9zdG9yYWdlLmdvb2dsZWFwaXMuY29tL2dvc2VhdHRsZXUtY29tLXByb2QvMjAyNS8xMC8wOS9qT3o1QmpZSnVodGU0TnVub0dXUDAwQ3dFellYalM3UEZWbnpsSmR5LnBuZw.png
21,Aaliyah Ibarra,Seattle U Redhawks,G,5-8,Senior,"Las Vegas, NV",FreeAgent,11.0,2.75,71.0,113.0,4.0,15.5,1.0,0.75,0.25,1.0,0.0,0.0,1.25,0.5,0.25,0.25,2.25,0.0,0.0,3.0,0.75,62.0,4.0,3.0,1.0,4.0,0.0,1.0,1.0,9.0,0.0,5.0,2.0,4.0,1.0,Utah Tech,aaliyah ibarra,https://goseattleu.com/imgproxy/_TvXo-Wd26emOYoDBaIWFf6n66GR8yidVSZMwYhfao4/rs:fit:1980:0:0/g:ce/q:90/aHR0cHM6Ly9zdG9yYWdlLmdvb2dsZWFwaXMuY29tL2dvc2VhdHRsZXUtY29tLXByb2QvMjAyNS8xMC8wOS91UE5TTnZHY2JrQ1J6WWlkTXVwZE9Ta1J3Q1pnWUkxeE9nN1RSa2VCLnBuZw.png
22,Lucy Larson,Seattle U Redhawks,G,5-10,Sophomore,"Seattle, WA",UserTeam3,9.0,2.25,73.0,117.0,4.0,12.0,1.5,0.5,0.5,1.0,0.0,0.25,1.75,0.25,1.25,0.5,2.25,0.0,0.0,2.0,0.5,48.0,6.0,2.0,2.0,4.0,0.0,5.0,2.0,9.0,1.0,7.0,1.0,3.0,0.75,,lucy larson,https://goseattleu.com/imgproxy/dR1mTc9WB43roTFVu20B6gcm0knq8UA90sb7kmGCh0Y/rs:fit:1980:0:0/g:ce/q:90/aHR0cHM6Ly9zdG9yYWdlLmdvb2dsZWFwaXMuY29tL2dvc2VhdHRsZXUtY29tLXByb2QvMjAyNS8xMC8wOS8zWXVFQnJjUkFCSzJ6VVB2ejhTQnFFdHY0M0o4clh1WVAyUnRqSlZ3LnBuZw.png
24,Sydnie Rodriguez,Seattle U Redhawks,G,6-0,Sophomore,"Boise, ID",FreeAgent,11.0,2.75,71.0,113.0,4.0,22.5,4.25,4.0,0.25,1.0,0.25,0.5,4.25,1.75,2.0,1.0,6.0,5.0,1.25,11.0,2.75,90.0,17.0,16.0,1.0,4.0,1.0,8.0,4.0,24.0,2.0,17.0,7.0,7.0,1.75,Owhyee HS,sydnie rodriguez,https://goseattleu.com/imgproxy/coiLDNnfD4ptGSHU6KNsQGAz0cK2mGzljSZiA1gw3wc/rs:fit:1980:0:0/g:ce/q:90/aHR0cHM6Ly9zdG9yYWdlLmdvb2dsZWFwaXMuY29tL2dvc2VhdHRsZXUtY29tLXByb2QvMjAyNS8xMC8wOS85RENVaGt6T2NWaUlaMWMySEJLck1YeTM4a1Q4aWN3RnhJRHBzQzlzLnBuZw.png
0,Tiara Bolden,Oregon State Beavers,G,5-11,Gr.,"Eugene, OR",UserTeam5,112.0,37.33,2.0,5.0,3.0,32.33,20.33,6.33,1.33,3.0,0.0,2.33,5.33,3.33,3.33,7.33,13.0,4.0,1.33,15.0,5.0,97.0,61.0,19.0,4.0,9.0,0.0,10.0,22.0,39.0,7.0,16.0,10.0,12.0,4.0,,tiara bolden,https://images.sidearmdev.com/crop?url=https%3A%2F%2Fdxbhsrqyrr690.cloudfront.net%2Fsidearm.nextgen.sites%2Foregonstate.sidearmsports.com%2Fimages%2F2024%2F10%2F2%2FWBB_Headshot-9.jpg&width=603&height=803&gravity=north&type=webp
1,Kennedie Shuler,Oregon State Beavers,G,5-10,Jr.,"Gresham, OR",UserTeam1,83.0,27.67,9.0,14.0,3.0,31.0,7.67,3.67,6.0,0.67,1.67,0.0,1.33,1.0,2.67,3.33,6.67,0.0,0.0,11.0,3.67,93.0,23.0,11.0,18.0,2.0,5.0,8.0,10.0,20.0,0.0,4.0,3.0,14.0,4.67,,kennedie shuler,https://images.sidearmdev.com/crop?url=https%3A%2F%2Fdxbhsrqyrr690.cloudfront.net%2Fsidearm.nextgen.sites%2Foregonstate.sidearmsports.com%2Fimages%2F2024%2F10%2F2%2FWBB_Headshot-2.jpg&width=603&height=803&gravity=north&type=webp
2,Katelyn Field,Oregon State Beavers,G,5-11,Fr.,"Melbourne, Australia",FreeAgent,8.0,8.0,74.5,118.5,1.0,7.0,5.0,0.0,0.0,0.0,1.0,1.0,2.0,0.0,1.0,2.0,3.0,0.0,0.0,0.0,0.0,7.0,5.0,0.0,0.0,0.0,1.0,1.0,2.0,3.0,1.0,2.0,0.0,0.0,0.0,,katelyn field,https://images.sidearmdev.com/crop?url=https%3A%2F%2Fdxbhsrqyrr690.cloudfront.net%2Fsidearm.nextgen.sites%2Foregonstate.sidearmsports.com%2Fimages%2F2025%2F5%2F12%2FKF_Headshot.jpg&width=603&height=803&gravity=north&type=webp
3,Jenna Villa,Oregon State Beavers,G,6-1,Jr.,"Arlington, WA",UserTeam2,38.0,12.67,46.0,69.5,3.0,25.67,3.67,3.33,2.33,0.0,1.0,0.33,2.33,1.33,0.67,1.0,4.33,2.0,0.67,8.0,2.67,77.0,11.0,10.0,7.0,0.0,3.0,2.0,3.0,13.0,1.0,7.0,4.0,4.0,1.33,,jenna villa,https://images.sidearmdev.com/crop?url=https%3A%2F%2Fdxbhsrqyrr690.cloudfront.net%2Fsidearm.nextgen.sites%2Foregonstate.sidearmsports.com%2Fimages%2F2025%2F5%2F12%2F25WBB_Recruit_Jenna_Villa_0009.jpg&width=603&height=803&gravity=north&type=webp
4,Ally Schimel,Oregon State Beavers,G,5-10,So.,"Corbett, OR",UserTeam1,27.0,9.0,58.5,89.5,3.0,24.33,7.67,1.33,0.67,0.67,0.0,2.33,4.67,0.0,2.0,2.67,7.0,0.0,0.0,4.0,1.33,73.0,23.0,4.0,2.0,2.0,0.0,6.0,8.0,21.0,7.0,14.0,0.0,0.0,0.0,,ally schimel,https://images.sidearmdev.com/crop?url=https%3A%2F%2Fdxbhsrqyrr690.cloudfront.net%2Fsidearm.nextgen.sites%2Foregonstate.sidearmsports.com%2Fimages%2F2024%2F10%2F2%2FWBB_Headshot-6.jpg&width=603&height=803&gravity=north&type=webp
7,Lucia Navarro,Oregon State Beavers,G,6-0,Jr.,"Valencia, Spain",UserTeam3,0.0,0.0,87.5,144.0,0.0,0.0,0.0,0.0,0.0,0.0,0.0,0.0,0.0,0.0,0.0,0.0,0.0,0.0,0.0,0.0,0.0,0.0,0.0,0.0,0.0,0.0,0.0,0.0,0.0,0.0,0.0,0.0,0.0,0.0,0.0,,lucia navarro,https://images.sidearmdev.com/crop?url=https%3A%2F%2Fdxbhsrqyrr690.cloudfront.net%2Fsidearm.nextgen.sites%2Foregonstate.sidearmsports.com%2Fimages%2F2024%2F10%2F2%2FWBB_Headshot-12.jpg&width=603&height=803&gravity=north&type=webp
10,Susana Yepes,Oregon State Beavers,F,6-0,R-Sr.,"Medellin, Colombia",UserTeam4,17.0,8.5,29.5,105.5,2.0,11.5,0.0,1.0,2.5,0.0,0.0,0.0,0.0,0.0,0.0,0.0,1.0,0.0,0.0,2.0,1.0,23.0,0.0,2.0,5.0,0.0,0.0,0.0,0.0,2.0,0.0,0.0,0.0,0.0,0.0,,susana yepes,https://images.sidearmdev.com/crop?url=https%3A%2F%2Fdxbhsrqyrr690.cloudfront.net%2Fsidearm.nextgen.sites%2Foregonstate.sidearmsports.com%2Fimages%2F2024%2F10%2F2%2FWBB_Headshot-11.jpg&width=603&height=803&gravity=north&type=webp
12,Mackenzie Shivers,Oregon State Beavers,G,5-6,R-Jr.,"Mesa, AZ",FreeAgent,1.0,1.0,79.0,130.0,1.0,2.0,0.0,0.0,0.0,0.0,0.0,0.0,0.0,0.0,0.0,0.0,0.0,0.0,0.0,0.0,0.0,2.0,0.0,0.0,0.0,0.0,0.0,0.0,0.0,0.0,0.0,0.0,0.0,0.0,0.0,,mackenzie shivers,https://images.sidearmdev.com/crop?url=https%3A%2F%2Fdxbhsrqyrr690.cloudfront.net%2Fsidearm.nextgen.sites%2Foregonstate.sidearmsports.com%2Fimages%2F2024%2F10%2F2%2FWBB_Headshot-8.jpg&width=603&height=803&gravity=north&type=webp
15,Lizzy Williamson,Oregon State Beavers,F,6-5,Gr.,"Adelaide, Australia",UserTeam5,68.0,22.67,7.0,23.0,3.0,17.0,8.0,5.67,0.33,1.0,0.67,0.0,0.0,0.67,0.33,3.67,5.67,8.0,2.67,9.0,3.0,51.0,24.0,17.0,1.0,3.0,2.0,1.0,11.0,17.0,0.0,0.0,2.0,2.0,0.67,,lizzy williamson,https://images.sidearmdev.com/crop?url=https%3A%2F%2Fdxbhsrqyrr690.cloudfront.net%2Fsidearm.nextgen.sites%2Foregonstate.sidearmsports.com%2Fimages%2F2025%2F5%2F16%2F25WBB_Recruit_Lizzy_Williamson_0037.jpg&width=603&height=803&gravity=north&type=webp
16,Elisa Mehyar,Oregon State Beavers,F,6-5,So.,"Copenhagen, Denmark",FreeAgent,7.0,7.0,35.0,121.0,1.0,8.0,4.0,1.0,0.0,0.0,0.0,0.0,0.0,0.0,0.0,2.0,3.0,0.0,0.0,1.0,1.0,8.0,4.0,1.0,0.0,0.0,0.0,0.0,2.0,3.0,0.0,0.0,0.0,0.0,0.0,,elisa mehyar,https://images.sidearmdev.com/crop?url=https%3A%2F%2Fdxbhsrqyrr690.cloudfront.net%2Fsidearm.nextgen.sites%2Foregonstate.sidearmsports.com%2Fimages%2F2024%2F10%2F2%2FWBB_Headshot-10.jpg&width=603&height=803&gravity=north&type=webp
22,Lara Alonso-Basurto,Oregon State Beavers,F,6-3,Fr.,"Madrid, Spain",FreeAgent,60.0,20.0,12.5,37.0,3.0,27.0,11.33,8.33,0.67,0.33,1.33,0.33,2.33,3.0,2.33,4.0,8.67,11.0,3.67,14.0,4.67,81.0,34.0,25.0,2.0,1.0,4.0,7.0,12.0,26.0,1.0,7.0,9.0,12.0,4.0,,lara alonso-basurto,https://images.sidearmdev.com/crop?url=https%3A%2F%2Fdxbhsrqyrr690.cloudfront.net%2Fsidearm.nextgen.sites%2Foregonstate.sidearmsports.com%2Fimages%2F2024%2F10%2F2%2FWBB_Headshot-10.jpg&width=603&height=803&gravity=north&type=webp
25,Keira Lindemans,Oregon State Beavers,G,6-0,Fr.,"Melbourne, Australia",FreeAgent,12.0,6.0,69.0,110.0,2.0,7.5,2.5,2.0,0.5,1.0,0.0,0.0,1.0,0.5,1.5,1.0,3.0,1.0,0.5,3.0,1.5,15.0,5.0,4.0,1.0,2.0,0.0,3.0,2.0,6.0,0.0,2.0,1.0,1.0,0.5,,keira lindemans,https://images.sidearmdev.com/crop?url=https%3A%2F%2Fdxbhsrqyrr690.cloudfront.net%2Fsidearm.nextgen.sites%2Foregonstate.sidearmsports.com%2Fimages%2F2025%2F5%2F12%2FKL_Headshot.jpg&width=603&height=803&gravity=north&type=webp
30,Catarina Ferreira,Oregon State Beavers,G,6-0,Gr.,"Sao Paulo, Brazil",FreeAgent,0.0,0.0,87.5,144.0,0.0,0.0,0.0,0.0,0.0,0.0,0.0,0.0,0.0,0.0,0.0,0.0,0.0,0.0,0.0,0.0,0.0,0.0,0.0,0.0,0.0,0.0,0.0,0.0,0.0,0.0,0.0,0.0,0.0,0.0,0.0,,catarina ferreira,https://images.sidearmdev.com/crop?url=https%3A%2F%2Fdxbhsrqyrr690.cloudfront.net%2Fsidearm.nextgen.sites%2Foregonstate.sidearmsports.com%2Fimages%2F2024%2F10%2F2%2FWBB_Headshot-7.jpg&width=603&height=803&gravity=north&type=webp
31,Cloe Vecina,Oregon State Beavers,G,5-8,So.,"Vigo, Spain",FreeAgent,33.0,11.0,52.0,78.0,3.0,8.67,3.67,0.33,0.67,1.0,0.33,0.33,0.33,0.0,1.0,1.67,2.33,1.0,0.33,0.0,0.0,26.0,11.0,1.0,2.0,3.0,1.0,3.0,5.0,7.0,1.0,1.0,0.0,1.0,0.33,,cloe vecina,https://images.sidearmdev.com/crop?url=https%3A%2F%2Fdxbhsrqyrr690.cloudfront.net%2Fsidearm.nextgen.sites%2Foregonstate.sidearmsports.com%2Fimages%2F2024%2F10%2F2%2FWBB_Headshot-5.jpg&width=603&height=803&gravity=north&type=webp
32,Néné Sow,Oregon State Beavers,C,6-8,R-Sr.,"Brussels, Belgium",FreeAgent,49.0,16.33,1.0,54.5,3.0,15.67,3.0,5.67,0.0,0.67,1.67,0.0,0.0,0.33,0.33,1.33,2.67,4.0,1.33,13.0,4.33,47.0,9.0,17.0,0.0,2.0,5.0,1.0,4.0,8.0,0.0,0.0,1.0,2.0,0.67,,nene sow,https://images.sidearmdev.com/crop?url=https%3A%2F%2Fdxbhsrqyrr690.cloudfront.net%2Fsidearm.nextgen.sites%2Foregonstate.sidearmsports.com%2Fimages%2F2025%2F5%2F12%2F25WBB_Recruit_Ne_ne__Sow_0060.jpg&width=603&height=803&gravity=north&type=webp
0,Ivory Finley,Pepperdine Waves,G,5-10,Gr.,"Minneapolis, MN",FreeAgent,55.0,18.33,28.5,42.5,3.0,20.67,10.0,2.0,2.33,1.0,0.0,1.67,3.67,0.33,2.67,4.0,6.67,4.0,1.33,2.0,0.67,62.0,30.0,6.0,7.0,3.0,0.0,8.0,12.0,20.0,5.0,11.0,1.0,4.0,1.33,Utah State,ivory finley,https://daitadul56i2n.cloudfront.net/images/2025/9/26/0_ivory.jpg?width=80&quality=90
1,Taija Sta. Maria,Pepperdine Waves,G,5-6,Jr.,"Toronto, Ontario, Canada",UserTeam3,61.0,20.33,23.0,34.5,3.0,31.33,4.0,1.67,5.0,2.0,0.0,0.33,0.67,1.0,3.33,1.33,3.33,0.0,0.0,5.0,1.67,94.0,12.0,5.0,15.0,6.0,0.0,10.0,4.0,10.0,1.0,2.0,3.0,8.0,2.67,Fresno State,taija sta. maria,https://daitadul56i2n.cloudfront.net/images/2025/9/26/1_taija.jpg?width=80&quality=90
2,Ellison Guiney,Pepperdine Waves,G,5-11,So.,"Goodyear, AZ",UserTeam2,64.0,21.33,21.5,30.5,3.0,27.33,12.67,4.0,2.67,0.67,0.0,2.33,5.0,2.33,2.33,4.0,8.67,7.0,2.33,5.0,1.67,82.0,38.0,12.0,8.0,2.0,0.0,7.0,12.0,26.0,7.0,15.0,7.0,10.0,3.33,UNLV,ellison guiney,https://daitadul56i2n.cloudfront.net/images/2025/9/26/2_guiney.jpg?width=80&quality=90
3,Bella Green,Pepperdine Waves,G,6-0,Gr.,"Perth, Australia",UserTeam5,53.0,17.67,32.5,47.5,3.0,17.0,8.33,6.33,1.0,1.0,0.33,0.33,0.33,2.0,3.0,3.0,5.67,6.0,2.0,13.0,4.33,51.0,25.0,19.0,3.0,3.0,1.0,9.0,9.0,17.0,1.0,1.0,6.0,7.0,2.33,University of West Florida,bella green,https://daitadul56i2n.cloudfront.net/images/2025/9/26/3_green.jpg?width=80&quality=90
10,Ilinca Belegante,Pepperdine Waves,G,6-0,Fr.,"Bucharest, Romania",UserTeam3,-5.0,-1.67,100.0,162.0,3.0,2.67,0.67,0.0,0.0,0.0,0.0,0.0,0.67,0.67,0.67,0.0,0.67,0.0,0.0,0.0,0.0,8.0,2.0,0.0,0.0,0.0,0.0,2.0,0.0,2.0,0.0,2.0,2.0,3.0,1.0,,ilinca belegante,https://daitadul56i2n.cloudfront.net/images/2025/9/26/10_Ilinca.jpg?width=80&quality=90
11,Quinn VanSickle,Pepperdine Waves,G,5-8,Fr.,"Castle Rock, CO",FreeAgent,5.0,1.67,76.0,124.0,3.0,7.33,2.0,1.0,0.33,0.0,0.0,0.67,2.0,0.0,0.67,0.67,2.33,1.0,0.33,2.0,0.67,22.0,6.0,3.0,1.0,0.0,0.0,2.0,2.0,7.0,2.0,6.0,0.0,0.0,0.0,,quinn vansickle,https://daitadul56i2n.cloudfront.net/images/2025/9/26/11_quinn.jpg?width=80&quality=90
12,Shorna Preston,Pepperdine Waves,F,6-1,Jr.,"Christchurch, New Zealand",FreeAgent,63.0,21.0,10.5,32.5,3.0,19.0,5.67,9.33,1.67,1.0,1.0,0.33,1.67,0.0,2.67,2.67,5.67,10.0,3.33,18.0,6.0,57.0,17.0,28.0,5.0,3.0,3.0,8.0,8.0,17.0,1.0,5.0,0.0,0.0,0.0,Dodge City Community College,shorna preston,https://daitadul56i2n.cloudfront.net/images/2025/9/26/12_Shorna.jpg?width=80&quality=90
13,Meghan Fiso,Pepperdine Waves,G,5-10,Gr.,"Seattle, WA",UserTeam4,53.0,17.67,32.5,47.5,3.0,21.33,9.67,5.0,1.67,0.67,1.0,0.33,2.0,2.0,3.0,3.67,7.33,1.0,0.33,14.0,4.67,64.0,29.0,15.0,5.0,2.0,3.0,9.0,11.0,22.0,1.0,6.0,6.0,9.0,3.0,San Diego State,meghan fiso,https://daitadul56i2n.cloudfront.net/images/2025/9/26/13_meghan.jpg?width=80&quality=90
22,Lina Falk,Pepperdine Waves,G,6-2,Jr.,"Wolfenbüttel, Germany",UserTeam1,15.0,15.0,68.0,108.0,1.0,11.0,6.0,4.0,0.0,1.0,1.0,0.0,2.0,0.0,1.0,3.0,5.0,1.0,1.0,3.0,3.0,11.0,6.0,4.0,0.0,1.0,1.0,1.0,3.0,5.0,0.0,2.0,0.0,0.0,0.0,Sacramento State,lina falk,https://daitadul56i2n.cloudfront.net/images/2025/9/26/22_lina.jpg?width=80&quality=90
30,Seleh Harmon,Pepperdine Waves,G,5-10,Fr.,"Norman, OK",FreeAgent,58.0,19.33,25.0,39.0,3.0,24.0,11.67,2.0,2.0,0.67,0.33,3.33,6.0,0.33,2.33,4.0,8.33,1.0,0.33,5.0,1.67,72.0,35.0,6.0,6.0,2.0,1.0,7.0,12.0,25.0,10.0,18.0,1.0,2.0,0.67,,seleh harmon,https://daitadul56i2n.cloudfront.net/images/2025/9/26/30_seleh.jpg?width=80&quality=90
31,Irune Orio,Pepperdine Waves,F,6-2,Sr.,"Balmaseda, Spain",UserTeam4,19.0,6.33,27.0,101.0,3.0,19.67,2.0,3.33,2.67,0.0,0.33,0.33,2.33,1.0,2.33,0.33,2.67,3.0,1.0,7.0,2.33,59.0,6.0,10.0,8.0,0.0,1.0,7.0,1.0,8.0,1.0,7.0,3.0,4.0,1.33,Sacramento State / Xavier,irune orio,https://daitadul56i2n.cloudfront.net/images/2025/9/26/31_irune.jpg?width=80&quality=90
44,Zoe Shanahan,Pepperdine Waves,F,6-2,Fr.,"Melbourne, Australia",FreeAgent,6.0,2.0,37.0,123.0,3.0,6.0,2.67,0.0,0.33,0.0,0.0,0.0,0.0,0.67,1.33,1.0,1.67,0.0,0.0,0.0,0.0,18.0,8.0,0.0,1.0,0.0,0.0,4.0,3.0,5.0,0.0,0.0,2.0,2.0,0.67,,zoe shanahan,https://daitadul56i2n.cloudfront.net/images/2025/9/26/44_Zoe.jpg?width=80&quality=90
1,Paige Lofing,Gonzaga Bulldogs,G,5-9,Fr.,"Billings, MT",FreeAgent,-1.0,-0.33,95.5,157.5,3.0,5.33,0.0,0.33,0.0,0.0,0.0,0.0,0.33,0.0,0.33,0.0,0.33,0.0,0.0,1.0,0.33,16.0,0.0,1.0,0.0,0.0,0.0,1.0,0.0,1.0,0.0,1.0,0.0,0.0,0.0,,paige lofing,https://d2jpxbzntgxotn.cloudfront.net/images/2025/9/10/paige_lofing-2059.JPG?width=80&quality=90
2,Vera Gunaydin,Gonzaga Bulldogs,G,5-9,Sr.,"Ankara, Turkey",FreeAgent,0.0,0.0,87.5,144.0,0.0,0.0,0.0,0.0,0.0,0.0,0.0,0.0,0.0,0.0,0.0,0.0,0.0,0.0,0.0,0.0,0.0,0.0,0.0,0.0,0.0,0.0,0.0,0.0,0.0,0.0,0.0,0.0,0.0,0.0,0.0,South Georgia Tech,vera gunaydin,https://d2jpxbzntgxotn.cloudfront.net/images/2025/9/10/vera_gunaydin-7778.JPG?width=80&quality=90
3,Julia Wilson,Gonzaga Bulldogs,G,5-10,Fr.,"Temecula, CA",FreeAgent,21.0,7.0,63.0,98.0,3.0,13.67,5.0,1.0,0.33,0.67,0.0,0.67,1.33,1.67,0.67,1.33,4.0,0.0,0.0,3.0,1.0,41.0,15.0,3.0,1.0,2.0,0.0,2.0,4.0,12.0,2.0,4.0,5.0,7.0,2.33,Rancho Christian HS,julia wilson,https://d2jpxbzntgxotn.cloudfront.net/images/2025/9/10/julia_wilson-7070.JPG?width=80&quality=90
4,Sierra Lichtie,Gonzaga Bulldogs,F,6-0,Gr.,"Riverton, UT",FreeAgent,12.0,4.0,31.5,110.0,3.0,6.0,1.67,1.0,0.33,0.33,0.0,0.0,0.0,0.33,1.0,0.67,0.67,1.0,0.33,2.0,0.67,18.0,5.0,3.0,1.0,1.0,0.0,3.0,2.0,2.0,0.0,0.0,1.0,2.0,0.67,Cal Poly,sierra lichtie,https://d2jpxbzntgxotn.cloudfront.net/images/2025/9/10/sierra_lichtie-8103.JPG?width=80&quality=90
8,Ines Bettencourt,Gonzaga Bulldogs,G,5-9,Sr.,"Sao Miguel, Portugal",UserTeam1,65.0,21.67,19.0,27.5,3.0,28.67,9.67,3.0,3.0,1.0,0.0,1.67,3.33,0.67,1.0,3.67,10.0,3.0,1.0,6.0,2.0,86.0,29.0,9.0,9.0,3.0,0.0,3.0,11.0,30.0,5.0,10.0,2.0,2.0,0.67,UConn,ines bettencourt,https://d2jpxbzntgxotn.cloudfront.net/images/2025/9/10/ines_bettencourt-6446.JPG?width=80&quality=90
11,Allie Turner,Gonzaga Bulldogs,G,5-8,So.,"St. Louis, MO",UserTeam1,64.0,21.33,21.5,30.5,3.0,32.67,12.0,1.33,3.67,0.0,0.33,2.0,3.67,2.67,2.67,3.67,7.0,0.0,0.0,4.0,1.33,98.0,36.0,4.0,11.0,0.0,1.0,8.0,11.0,21.0,6.0,11.0,8.0,8.0,2.67,John Burroughs HS,allie turner,https://d2jpxbzntgxotn.cloudfront.net/images/2025/9/10/new_allie_pic.JPG?width=80&quality=90
12,Christabel Osarobo,Gonzaga Bulldogs,G,5-11,So.,"Tudela, Spain",FreeAgent,0.0,0.0,87.5,144.0,0.0,0.0,0.0,0.0,0.0,0.0,0.0,0.0,0.0,0.0,0.0,0.0,0.0,0.0,0.0,0.0,0.0,0.0,0.0,0.0,0.0,0.0,0.0,0.0,0.0,0.0,0.0,0.0,0.0,0.0,0.0,Ipswich Basketball Academy,christabel osarobo,https://d2jpxbzntgxotn.cloudfront.net/images/2025/9/10/christabel_osarobo-7880-3.JPG?width=80&quality=90
20,Taylor Smith,Gonzaga Bulldogs,F,6-2,Jr.,"Pocatello, ID",UserTeam2,38.0,12.67,19.0,69.5,3.0,25.67,3.67,3.67,2.33,1.0,0.33,0.0,1.0,0.33,2.33,1.67,4.67,1.0,0.33,10.0,3.33,77.0,11.0,11.0,7.0,3.0,1.0,7.0,5.0,14.0,0.0,3.0,1.0,2.0,0.67,Weber State,taylor smith,https://d2jpxbzntgxotn.cloudfront.net/images/2025/9/10/taylor_smith-1502.JPG?width=80&quality=90
22,McKynnlie Dalan,Gonzaga Bulldogs,F,6-0,Jr.,"Montesano, WA",FreeAgent,7.0,2.33,35.0,121.0,3.0,12.0,0.67,2.33,0.33,0.33,0.0,0.0,0.33,0.67,0.67,0.0,2.0,3.0,1.0,4.0,1.33,36.0,2.0,7.0,1.0,1.0,0.0,2.0,0.0,6.0,0.0,1.0,2.0,2.0,0.67,Minnesota,mckynnlie dalan,https://d2jpxbzntgxotn.cloudfront.net/images/2025/9/10/mckynnlie_dalan.JPG?width=80&quality=90
23,Jaiden Haile,Gonzaga Bulldogs,F,6-2,Fr.,"Fargo, ND",FreeAgent,28.0,9.33,22.0,87.0,3.0,14.67,3.0,4.0,1.0,0.0,0.33,0.0,0.0,0.33,0.33,1.33,3.0,5.0,1.67,7.0,2.33,44.0,9.0,12.0,3.0,0.0,1.0,1.0,4.0,9.0,0.0,0.0,1.0,5.0,1.67,West Fargo Horace HS,jaiden haile,https://d2jpxbzntgxotn.cloudfront.net/images/2025/9/10/jaiden_haile.JPG?width=80&quality=90
24,Teryn Gardner,Gonzaga Bulldogs,G,5-10,So.,"Spokane, WA",UserTeam4,42.0,14.0,42.0,61.0,3.0,17.33,7.0,2.67,0.33,0.67,0.0,2.0,3.0,0.33,0.67,2.33,4.0,3.0,1.0,5.0,1.67,52.0,21.0,8.0,1.0,2.0,0.0,2.0,7.0,12.0,6.0,9.0,1.0,2.0,0.67,Boise State,teryn gardner,https://d2jpxbzntgxotn.cloudfront.net/images/2025/9/10/teryn_gardner-7278.JPG?width=80&quality=90
33,Lauren Whittaker,Gonzaga Bulldogs,F,6-3,R-Fr.,"Canterbury, New Zealand",UserTeam2,90.0,30.0,5.0,11.5,3.0,21.0,19.33,7.33,0.67,0.33,0.33,1.33,2.67,4.0,2.33,7.0,10.0,3.0,1.0,19.0,6.33,63.0,58.0,22.0,2.0,1.0,1.0,7.0,21.0,30.0,4.0,8.0,12.0,15.0,5.0,,lauren whittaker,https://d2jpxbzntgxotn.cloudfront.net/images/2025/9/10/lauren_whittaker-1119.JPG?width=80&quality=90
55,Zeryhia Aokuso,Gonzaga Bulldogs,G,5-10,Jr.,"Amarillo, TX",UserTeam1,66.0,22.0,17.0,24.5,3.0,23.0,11.0,2.67,2.67,1.33,0.0,0.33,1.0,1.33,2.33,4.67,9.33,1.0,0.33,7.0,2.33,69.0,33.0,8.0,8.0,4.0,0.0,7.0,14.0,28.0,1.0,3.0,4.0,6.0,2.0,Saint Mary's,zeryhia aokuso,https://d2jpxbzntgxotn.cloudfront.net/images/2025/9/10/zerhyia_aokuso-7494.JPG?width=80&quality=90
0,Jess Lawson,Loyola Marymount Lions,G,5-7,Gr.,"Las Vegas, NV",UserTeam4,49.0,16.33,39.0,54.5,3.0,29.0,6.67,6.0,1.0,1.67,0.0,0.33,1.33,1.67,1.0,2.33,7.33,5.0,1.67,13.0,4.33,87.0,20.0,18.0,3.0,5.0,0.0,3.0,7.0,22.0,1.0,4.0,5.0,8.0,2.67,Central Michigan,jess lawson,https://d2vhz6gv4pigvw.cloudfront.net/images/2025/10/2/Jess_Lawson.jpg?width=80&quality=90
2,Mari Somvichian,Loyola Marymount Lions,G,5-4,Jr.,"Oakland, CA",FreeAgent,2.0,0.67,77.0,128.0,3.0,11.33,2.0,0.0,0.0,0.33,0.0,0.67,1.67,0.0,1.0,0.67,2.0,0.0,0.0,0.0,0.0,34.0,6.0,0.0,0.0,1.0,0.0,3.0,2.0,6.0,2.0,5.0,0.0,0.0,0.0,,mari somvichian,https://d2vhz6gv4pigvw.cloudfront.net/images/2025/10/2/Mari_Somvichian.jpg?width=80&quality=90
4,Allison Clarke,Loyola Marymount Lions,G,5-11,So.,"Anaheim, CA",FreeAgent,0.0,0.0,87.5,144.0,0.0,0.0,0.0,0.0,0.0,0.0,0.0,0.0,0.0,0.0,0.0,0.0,0.0,0.0,0.0,0.0,0.0,0.0,0.0,0.0,0.0,0.0,0.0,0.0,0.0,0.0,0.0,0.0,0.0,0.0,0.0,,allison clarke,https://d2vhz6gv4pigvw.cloudfront.net/images/2025/10/2/Allison_Clarke.jpg?width=80&quality=90
5,Carly Heidger,Loyola Marymount Lions,G,6-3,Sr.,"Dacula, GA",UserTeam6,52.0,17.33,34.0,49.0,3.0,31.67,7.0,3.67,2.33,1.67,0.0,0.67,3.0,2.33,1.67,2.0,6.0,4.0,1.33,7.0,2.33,95.0,21.0,11.0,7.0,5.0,0.0,5.0,6.0,18.0,2.0,9.0,7.0,8.0,2.67,Samford,carly heidger,https://d2vhz6gv4pigvw.cloudfront.net/images/2025/10/2/Carly_Heidger.jpg?width=80&quality=90
7,Ana Milanovic,Loyola Marymount Lions,F,6-2,So.,"Belgrade, Serbia",FreeAgent,0.0,0.0,46.0,144.0,0.0,0.0,0.0,0.0,0.0,0.0,0.0,0.0,0.0,0.0,0.0,0.0,0.0,0.0,0.0,0.0,0.0,0.0,0.0,0.0,0.0,0.0,0.0,0.0,0.0,0.0,0.0,0.0,0.0,0.0,0.0,Middle Tennessee,ana milanovic,https://d2vhz6gv4pigvw.cloudfront.net/images/2025/10/2/Ana_Milanovic.jpg?width=80&quality=90
10,Lova Lagerlid,Loyola Marymount Lions,G,6-1,So.,"Stockholm, Sweden",FreeAgent,0.0,0.0,87.5,144.0,0.0,0.0,0.0,0.0,0.0,0.0,0.0,0.0,0.0,0.0,0.0,0.0,0.0,0.0,0.0,0.0,0.0,0.0,0.0,0.0,0.0,0.0,0.0,0.0,0.0,0.0,0.0,0.0,0.0,0.0,0.0,Colorado,lova lagerlid,https://d2vhz6gv4pigvw.cloudfront.net/images/2025/10/2/Lova_Lagerlid.jpg?width=80&quality=90
13,Ivana Krajina,Loyola Marymount Lions,G,5-11,Sr.,"Kastel Novi, Croatia",UserTeam5,73.0,24.33,16.0,22.0,3.0,31.67,11.0,2.33,3.33,2.0,0.33,2.67,4.33,0.33,4.67,4.0,7.67,0.0,0.0,7.0,2.33,95.0,33.0,7.0,10.0,6.0,1.0,14.0,12.0,23.0,8.0,13.0,1.0,2.0,0.67,Texas Tech,ivana krajina,https://d2vhz6gv4pigvw.cloudfront.net/images/2025/10/2/Ivana_Krajina.jpg?width=80&quality=90
22,Alia Matavao,Loyola Marymount Lions,F,6-0,Jr.,"Las Vegas, NV",FreeAgent,0.0,0.0,46.0,144.0,0.0,0.0,0.0,0.0,0.0,0.0,0.0,0.0,0.0,0.0,0.0,0.0,0.0,0.0,0.0,0.0,0.0,0.0,0.0,0.0,0.0,0.0,0.0,0.0,0.0,0.0,0.0,0.0,0.0,0.0,0.0,BYU,alia matavao,https://d2vhz6gv4pigvw.cloudfront.net/images/2025/10/2/Ali_a_Matavao.jpg?width=80&quality=90
24,Kayla Jones,Loyola Marymount Lions,F,6-0,Jr.,"Norman, OK",FreeAgent,23.0,7.67,25.0,95.0,3.0,17.67,4.67,2.33,1.67,0.0,0.0,0.0,0.33,0.67,2.0,2.0,4.33,3.0,1.0,4.0,1.33,53.0,14.0,7.0,5.0,0.0,0.0,6.0,6.0,13.0,0.0,1.0,2.0,2.0,0.67,Grayson College,kayla jones,https://d2vhz6gv4pigvw.cloudfront.net/images/2025/10/2/Kayla_Jones.jpg?width=80&quality=90
28,Andjela Matic,Loyola Marymount Lions,G,5-9,Sr.,"Ub, Serbia",UserTeam6,41.0,13.67,43.5,63.0,3.0,36.67,8.0,4.67,4.33,0.33,0.0,1.33,5.33,1.33,3.33,2.67,8.33,2.0,0.67,12.0,4.0,110.0,24.0,14.0,13.0,1.0,0.0,10.0,8.0,25.0,4.0,16.0,4.0,8.0,2.67,Duquesne,andjela matic,https://d2vhz6gv4pigvw.cloudfront.net/images/2025/10/2/Andjela_Matic.jpg?width=80&quality=90
30,Paula Reus Piza,Loyola Marymount Lions,F,6-1,Gr.,"Palma De Mallorca, Spain",UserTeam6,0.0,0.0,46.0,144.0,0.0,0.0,0.0,0.0,0.0,0.0,0.0,0.0,0.0,0.0,0.0,0.0,0.0,0.0,0.0,0.0,0.0,0.0,0.0,0.0,0.0,0.0,0.0,0.0,0.0,0.0,0.0,0.0,0.0,0.0,0.0,New Mexico,paula reus piza,https://d2vhz6gv4pigvw.cloudfront.net/images/2025/10/2/Paula_Reus_Piza.jpg?width=80&quality=90
54,Zawadi Ogot,Loyola Marymount Lions,G,5-11,So.,"Upland, CA",FreeAgent,8.0,2.67,74.5,118.5,3.0,11.33,2.0,2.0,0.33,0.0,0.0,0.0,0.0,0.0,1.0,1.0,2.67,3.0,1.0,3.0,1.0,34.0,6.0,6.0,1.0,0.0,0.0,3.0,3.0,8.0,0.0,0.0,0.0,0.0,0.0,,zawadi ogot,https://d2vhz6gv4pigvw.cloudfront.net/images/2025/10/2/Zawadi_Ogot.jpg?width=80&quality=90
55,Maya Hernandez,Loyola Marymount Lions,F,6-0,Jr.,"San Jose, CA",UserTeam3,104.0,34.67,4.0,8.0,3.0,30.67,17.33,6.33,2.0,1.67,1.33,0.0,0.67,2.0,2.33,7.67,14.0,7.0,2.33,12.0,4.0,92.0,52.0,19.0,6.0,5.0,4.0,7.0,23.0,42.0,0.0,2.0,6.0,12.0,4.0,,maya hernandez,https://d2vhz6gv4pigvw.cloudfront.net/images/2025/10/2/Maya_Hernandez.jpg?width=80&quality=90
2,Aniya Hooker,Santa Clara Broncos,G,5-8,So.,"Lynnwood, WA",FreeAgent,48.0,12.0,40.0,56.5,4.0,23.75,3.25,2.0,2.25,0.75,0.25,0.0,1.0,0.75,0.75,1.25,4.25,2.0,0.5,6.0,1.5,95.0,13.0,8.0,9.0,3.0,1.0,3.0,5.0,17.0,0.0,4.0,3.0,4.0,1.0,,aniya hooker,https://santaclarabroncos.com/images/2025/9/18/hooker_aniyaDJR13246.JPG?width=80&quality=90
3,Kate Schat,Santa Clara Broncos,G,5-9,Fr.,"Redwood Valley, CA",FreeAgent,20.0,5.0,65.0,100.0,4.0,14.5,4.5,1.75,1.25,0.5,0.25,1.0,4.75,0.5,1.25,1.5,5.75,2.0,0.5,5.0,1.25,58.0,18.0,7.0,5.0,2.0,1.0,5.0,6.0,23.0,4.0,19.0,2.0,4.0,1.0,,kate schat,https://santaclarabroncos.com/images/2025/9/18/schat_katieDJR13224.JPG?width=80&quality=90
4,Maddy Warberg,Santa Clara Broncos,G,5-11,Fr.,"Eugene, OR",FreeAgent,0.0,0.0,87.5,144.0,0.0,0.0,0.0,0.0,0.0,0.0,0.0,0.0,0.0,0.0,0.0,0.0,0.0,0.0,0.0,0.0,0.0,0.0,0.0,0.0,0.0,0.0,0.0,0.0,0.0,0.0,0.0,0.0,0.0,0.0,0.0,,maddy warberg,https://santaclarabroncos.com/images/2025/9/18/warberg_maddyDJR13195.JPG?width=80&quality=90
5,Sara Schmerbach,Santa Clara Broncos,G,5-11,Fr.,"South Medford, OR",FreeAgent,0.0,0.0,87.5,144.0,0.0,0.0,0.0,0.0,0.0,0.0,0.0,0.0,0.0,0.0,0.0,0.0,0.0,0.0,0.0,0.0,0.0,0.0,0.0,0.0,0.0,0.0,0.0,0.0,0.0,0.0,0.0,0.0,0.0,0.0,0.0,,sara schmerbach,https://santaclarabroncos.com/images/2025/9/18/schimerbach_saraDJR13228.JPG?width=80&quality=90
6,Sienna Grieger,Santa Clara Broncos,G,5-9,Fr.,"West Adelaide, Australia",FreeAgent,18.0,6.0,66.0,103.0,3.0,7.67,4.0,1.33,0.33,0.0,0.0,0.67,2.33,0.0,0.0,1.67,3.67,2.0,0.67,2.0,0.67,23.0,12.0,4.0,1.0,0.0,0.0,0.0,5.0,11.0,2.0,7.0,0.0,0.0,0.0,,sienna grieger,https://santaclarabroncos.com/images/2025/9/18/grieger_siennaDJR13186.JPG?width=80&quality=90
9,Maia Jones,Santa Clara Broncos,G,5-10,R-Jr.,"Tasman, New Zealand",UserTeam2,77.0,19.25,11.5,17.5,4.0,21.0,11.5,2.25,2.5,1.25,0.25,1.75,5.25,2.25,2.25,3.75,9.5,1.0,0.25,8.0,2.0,84.0,46.0,9.0,10.0,5.0,1.0,9.0,15.0,38.0,7.0,21.0,9.0,10.0,2.5,,maia jones,https://santaclarabroncos.com/images/2025/9/18/jones_maiaDJR13254.JPG?width=80&quality=90
10,Lauren Grover,Santa Clara Broncos,F,6-1,Sr.,"Corona, CA",FreeAgent,0.0,0.0,46.0,144.0,2.0,2.5,0.0,0.0,0.0,0.0,0.0,0.0,0.0,0.0,0.5,0.0,0.0,0.0,0.0,0.0,0.0,5.0,0.0,0.0,0.0,0.0,0.0,1.0,0.0,0.0,0.0,0.0,0.0,0.0,0.0,,lauren grover,https://santaclarabroncos.com/images/2025/9/18/grover_laurenDJR13261.JPG?width=80&quality=90
11,Alana Goodchild,Santa Clara Broncos,F,6-2,Sr.,"Sydney, Australia",FreeAgent,4.0,1.33,38.5,125.5,3.0,7.33,2.67,2.0,0.0,0.0,0.0,0.0,1.67,1.33,0.0,0.67,2.67,4.0,1.33,2.0,0.67,22.0,8.0,6.0,0.0,0.0,0.0,0.0,2.0,8.0,0.0,5.0,4.0,8.0,2.67,,alana goodchild,https://santaclarabroncos.com/images/2025/9/18/goodchild_alannaDJR13217.JPG?width=80&quality=90
12,Sophie Glancey,Santa Clara Broncos,F,6-2,Gr.,"Boise, ID",UserTeam3,127.0,31.75,1.0,2.0,4.0,21.0,13.25,6.25,0.5,1.0,3.25,0.5,1.75,2.25,0.5,5.25,10.75,8.0,2.0,17.0,4.25,84.0,53.0,25.0,2.0,4.0,13.0,2.0,21.0,43.0,2.0,7.0,9.0,16.0,4.0,,sophie glancey,https://santaclarabroncos.com/images/2025/9/18/glancey_sophieDJR13209_dcKrR.JPG?width=80&quality=90
13,Ava Schmidt,Santa Clara Broncos,F,6-2,Jr.,"Sammamish, WA",UserTeam5,65.0,21.67,9.0,27.5,3.0,24.67,12.33,2.33,1.0,1.33,0.67,3.0,6.33,0.0,1.33,4.67,10.33,0.0,0.0,7.0,2.33,74.0,37.0,7.0,3.0,4.0,2.0,4.0,14.0,31.0,9.0,19.0,0.0,0.0,0.0,,ava schmidt,https://santaclarabroncos.com/images/2025/9/18/schmidt_avaDJR13235.JPG?width=80&quality=90
20,Delainey Miller,Santa Clara Broncos,G,5-10,Fr.,"Aurora, CO",FreeAgent,90.0,22.5,7.0,11.5,4.0,18.75,7.25,6.5,2.0,1.25,1.5,0.0,0.75,2.25,1.75,2.5,5.75,11.0,2.75,15.0,3.75,75.0,29.0,26.0,8.0,5.0,6.0,7.0,10.0,23.0,0.0,3.0,9.0,19.0,4.75,,delainey miller,https://santaclarabroncos.com/images/2025/9/18/miller_delaneyDJR13189.JPG?width=80&quality=90
23,Ashley Hawkins,Santa Clara Broncos,G,5-6,Gr.,"Long Beach, CA",UserTeam2,142.0,35.5,1.0,1.0,4.0,27.5,11.0,5.0,6.25,1.25,0.0,1.25,3.75,2.25,1.0,3.75,9.0,4.0,1.0,16.0,4.0,110.0,44.0,20.0,25.0,5.0,0.0,4.0,15.0,36.0,5.0,15.0,9.0,10.0,2.5,,ashley hawkins,https://santaclarabroncos.com/images/2025/9/18/hawkins_ashleyDJR13268.JPG?width=80&quality=90
24,Reilly Clark,Santa Clara Broncos,G,5-10,R-So.,"Tucson, AZ",FreeAgent,0.0,0.0,87.5,144.0,0.0,0.0,0.0,0.0,0.0,0.0,0.0,0.0,0.0,0.0,0.0,0.0,0.0,0.0,0.0,0.0,0.0,0.0,0.0,0.0,0.0,0.0,0.0,0.0,0.0,0.0,0.0,0.0,0.0,0.0,0.0,,reilly clark,https://santaclarabroncos.com/images/2025/9/18/clark_reillyDJR13192.JPG?width=80&quality=90
30,Kylee Fox,Santa Clara Broncos,F,5-11,Jr.,"Richland, WA",UserTeam2,80.0,20.0,6.0,16.0,4.0,22.5,9.5,3.5,1.25,0.75,0.0,1.5,3.0,0.5,0.25,3.75,7.5,4.0,1.0,10.0,2.5,90.0,38.0,14.0,5.0,3.0,0.0,1.0,15.0,30.0,6.0,12.0,2.0,2.0,0.5,,kylee fox,https://santaclarabroncos.com/images/2025/9/18/fox_kyleeDJR13231_lFMvf.JPG?width=80&quality=90
34,Tyler Gildersleeve-Stiles,Santa Clara Broncos,F,6-1,Fr.,"Snohomish, WA",UserTeam1,113.0,28.25,3.0,4.0,4.0,20.0,7.25,7.0,1.75,1.5,1.25,0.25,0.5,0.5,0.75,3.25,6.5,11.0,2.75,17.0,4.25,80.0,29.0,28.0,7.0,6.0,5.0,3.0,13.0,26.0,1.0,2.0,2.0,3.0,0.75,,tyler gildersleeve-stiles,https://images.sidearmdev.com/resize?url=https%3a%2f%2fdbukjj6eu5tsf.cloudfront.net%2fsidearm.sites%2fsantaclara.sidearmsports.com%2fimages%2f2025%2f9%2f18%2fgildersleevestiles_tylerDJR13266_mSdFb.JPG&width=80&type=webp&quality=90
0,Jada Hunter,Saint Mary's Gaels,G,5-10,Jr.,"Vallejo, CA",FreeAgent,75.0,18.75,14.0,20.0,4.0,24.5,5.0,4.75,2.5,1.75,0.0,0.25,0.5,3.25,2.0,0.75,3.25,4.0,1.0,15.0,3.75,98.0,20.0,19.0,10.0,7.0,0.0,8.0,3.0,13.0,1.0,2.0,13.0,16.0,4.0,Laney College,jada hunter,https://duq7p5k7s6jsa.cloudfront.net/images/2024/10/5/Jada_Hunter.png?width=80&quality=90
2,Amy Kurkowski,Saint Mary's Gaels,G,6-1,So.,"Melbourne, Australia",UserTeam3,34.0,8.5,50.0,76.0,4.0,10.25,4.25,2.25,0.5,0.25,0.5,0.75,2.5,1.5,0.5,1.0,2.75,4.0,1.0,5.0,1.25,41.0,17.0,9.0,2.0,1.0,2.0,2.0,4.0,11.0,3.0,10.0,6.0,7.0,1.75,,amy kurkowski,https://duq7p5k7s6jsa.cloudfront.net/images/2024/10/5/Amy_Kurkowski.png?width=80&quality=90
3,Mauriana Hashemian-Orr,Saint Mary's Gaels,G,5-7,So.,"Portland, OR",FreeAgent,105.0,26.25,4.0,7.0,4.0,18.25,8.25,4.5,2.75,2.0,0.0,0.0,0.5,1.75,1.75,3.25,6.0,5.0,1.25,13.0,3.25,73.0,33.0,18.0,11.0,8.0,0.0,7.0,13.0,24.0,0.0,2.0,7.0,8.0,2.0,,mauriana hashemian-orr,https://duq7p5k7s6jsa.cloudfront.net/images/2024/10/17/MHO.jpg?width=80&quality=90
4,Charlece Ohiaeri,Saint Mary's Gaels,G,6-1,Jr.,"Las Vegas, NV",FreeAgent,32.0,8.0,54.0,80.0,4.0,17.25,3.5,3.25,0.5,1.0,0.25,0.0,2.0,0.0,0.75,1.75,5.5,4.0,1.0,9.0,2.25,69.0,14.0,13.0,2.0,4.0,1.0,3.0,7.0,22.0,0.0,8.0,0.0,2.0,0.5,Depaul,charlece ohiaeri,https://duq7p5k7s6jsa.cloudfront.net/images/2025/7/8/Charlece_Ohiaeri_Summer_Headshot.png?width=80&quality=90
5,Abigail Shoff,Saint Mary's Gaels,F,6-0,Jr.,"Redding, CA",FreeAgent,41.0,10.25,16.0,63.0,4.0,19.25,4.5,4.0,1.5,0.75,0.0,0.75,3.0,0.25,0.75,1.75,6.75,5.0,1.25,11.0,2.75,77.0,18.0,16.0,6.0,3.0,0.0,3.0,7.0,27.0,3.0,12.0,1.0,3.0,0.75,Long Beach State,abigail shoff,https://duq7p5k7s6jsa.cloudfront.net/images/2024/10/5/Abigail_Shoff.png?width=80&quality=90
7,Edie Clarke,Saint Mary's Gaels,F,6-4,So.,"Melbourne, Australia",UserTeam5,116.0,29.0,2.0,3.0,4.0,21.5,8.25,4.5,1.0,3.75,0.5,0.25,0.75,0.5,2.25,3.75,6.75,10.0,2.5,8.0,2.0,86.0,33.0,18.0,4.0,15.0,2.0,9.0,15.0,27.0,1.0,3.0,2.0,3.0,0.75,,edie clarke,https://duq7p5k7s6jsa.cloudfront.net/images/2024/10/5/Edie_Clarke.png?width=80&quality=90
8,Emily Foy,Saint Mary's Gaels,G,6-1,Jr.,"Newcastle, Australia",FreeAgent,21.0,5.25,63.0,98.0,4.0,15.25,3.75,2.5,0.75,0.0,0.0,0.25,2.0,0.0,1.0,1.75,4.25,3.0,0.75,7.0,1.75,61.0,15.0,10.0,3.0,0.0,0.0,4.0,7.0,17.0,1.0,8.0,0.0,0.0,0.0,,emily foy,https://duq7p5k7s6jsa.cloudfront.net/images/2024/10/5/Emily_Foy.png?width=80&quality=90
10,Georgia Grigoropoulou,Saint Mary's Gaels,F,6-3,Sr.,"Athens, Greece",FreeAgent,18.0,4.5,28.0,103.0,4.0,8.25,4.0,2.25,0.0,0.0,0.0,0.0,0.0,1.0,0.75,1.5,3.0,5.0,1.25,4.0,1.0,33.0,16.0,9.0,0.0,0.0,0.0,3.0,6.0,12.0,0.0,0.0,4.0,9.0,2.25,Santa Clara,georgia grigoropoulou,https://duq7p5k7s6jsa.cloudfront.net/images/2025/7/8/Georgia_Grigoropoulou_Summer_Headshot.png?width=80&quality=90
11,Coco Urlacher,Saint Mary's Gaels,G,5-10,Fr.,"Palatine, IL",FreeAgent,1.0,1.0,79.0,130.0,1.0,14.0,0.0,2.0,0.0,1.0,0.0,0.0,3.0,0.0,0.0,0.0,3.0,1.0,1.0,1.0,1.0,14.0,0.0,2.0,0.0,1.0,0.0,0.0,0.0,3.0,0.0,3.0,0.0,0.0,0.0,,coco urlacher,https://duq7p5k7s6jsa.cloudfront.net/images/2025/7/8/Coco_Urlacher_Summer_Headshot.png?width=80&quality=90
13,Malia Latu,Saint Mary's Gaels,G,5-8,Gr.,"East Palo Alto, CA",UserTeam6,50.0,12.5,38.0,53.0,4.0,22.25,5.0,2.75,2.5,0.75,0.25,0.0,0.5,0.0,3.0,2.5,6.0,3.0,0.75,8.0,2.0,89.0,20.0,11.0,10.0,3.0,1.0,12.0,10.0,24.0,0.0,2.0,0.0,0.0,0.0,Santa Clara,malia latu,https://duq7p5k7s6jsa.cloudfront.net/images/2025/7/8/Malia_Latu_Summer_Headshot.png?width=80&quality=90
22,Melesungu Afeaki,Saint Mary's Gaels,F,6-2,Sr.,"San Bruno, CA",FreeAgent,30.0,7.5,21.0,83.0,4.0,12.0,3.25,1.75,1.0,0.0,0.25,0.0,0.0,0.25,0.75,1.5,3.5,1.0,0.25,6.0,1.5,48.0,13.0,7.0,4.0,0.0,1.0,3.0,6.0,14.0,0.0,0.0,1.0,2.0,0.5,University of San Diego,melesungu afeaki,https://duq7p5k7s6jsa.cloudfront.net/images/2024/10/5/Melesungu_Afeaki.png?width=80&quality=90
23,Addi Wedin,Saint Mary's Gaels,G,5-10,R-Jr.,"Happy Valley, OR",FreeAgent,75.0,18.75,14.0,20.0,4.0,20.25,8.75,2.5,1.0,1.5,0.25,1.5,3.25,2.25,1.0,2.5,5.75,1.0,0.25,9.0,2.25,81.0,35.0,10.0,4.0,6.0,1.0,4.0,10.0,23.0,6.0,13.0,9.0,10.0,2.5,,addi wedin,https://duq7p5k7s6jsa.cloudfront.net/images/2024/10/17/AW.jpg?width=80&quality=90
24,Colleena Bryant,Saint Mary's Gaels,G,5-7,Fr.,"Detroit, MI",FreeAgent,0.0,0.0,87.5,144.0,0.0,0.0,0.0,0.0,0.0,0.0,0.0,0.0,0.0,0.0,0.0,0.0,0.0,0.0,0.0,0.0,0.0,0.0,0.0,0.0,0.0,0.0,0.0,0.0,0.0,0.0,0.0,0.0,0.0,0.0,0.0,,colleena bryant,https://duq7p5k7s6jsa.cloudfront.net/images/2025/7/8/Colleena_Bryant_Summer_Headshot.png?width=80&quality=90
33,Ella Wedin,Saint Mary's Gaels,G,6-1,R-So.,"Happy Valley, OR",FreeAgent,27.0,9.0,58.5,89.5,3.0,10.0,5.67,1.0,0.67,0.33,0.0,1.67,3.67,0.0,0.67,2.0,4.33,2.0,0.67,1.0,0.33,30.0,17.0,3.0,2.0,1.0,0.0,2.0,6.0,13.0,5.0,11.0,0.0,0.0,0.0,LMU,ella wedin,https://duq7p5k7s6jsa.cloudfront.net/images/2024/10/5/Ella_Wedin.png?width=80&quality=90
2,Mali Ennis,Pacific Tigers,G,5-10,Sr.,"Burlingame, CA",FreeAgent,1.0,0.5,79.0,130.0,2.0,3.5,0.0,0.0,0.5,0.0,0.0,0.0,0.5,0.0,0.0,0.0,0.5,0.0,0.0,0.0,0.0,7.0,0.0,0.0,1.0,0.0,0.0,0.0,0.0,1.0,0.0,1.0,0.0,0.0,0.0,Saint Mary's College,mali ennis,https://pacifictigers.com/images/2025/10/20/Mali_Ennis.png?width=80&quality=90
3,Hannah Burg,Pacific Tigers,G,5-6,Sr.,"Colorado Springs, CO",FreeAgent,-2.0,-0.67,97.5,159.5,3.0,1.33,0.0,0.33,0.0,0.0,0.0,0.0,0.0,0.0,0.67,0.0,0.0,0.0,0.0,1.0,0.33,4.0,0.0,1.0,0.0,0.0,0.0,2.0,0.0,0.0,0.0,0.0,0.0,0.0,0.0,Augustana (SD),hannah burg,https://pacifictigers.com/images/2025/10/20/Hannah_Burg.png?width=80&quality=90
5,Stella Szabo,Pacific Tigers,G,5-11,R-So.,"Stockholm, Sweden",UserTeam2,26.0,8.67,60.5,92.5,3.0,26.0,6.0,3.67,1.0,0.0,0.33,1.67,4.33,0.33,1.0,2.0,6.0,0.0,0.0,11.0,3.67,78.0,18.0,11.0,3.0,0.0,1.0,3.0,6.0,18.0,5.0,13.0,1.0,2.0,0.67,Luleaa Gymnasieskola,stella szabo,https://pacifictigers.com/images/2025/10/20/Stella_Szabo.png?width=80&quality=90
7,Liv Yergensen,Pacific Tigers,G,5-11,Fr.,"El Dorado Hills, CA",FreeAgent,21.0,7.0,63.0,98.0,3.0,24.67,7.33,3.33,1.33,0.0,0.33,0.67,3.33,2.0,2.33,2.33,6.33,1.0,0.33,9.0,3.0,74.0,22.0,10.0,4.0,0.0,1.0,7.0,7.0,19.0,2.0,10.0,6.0,8.0,2.67,Oak Ridge HS,liv yergensen,https://pacifictigers.com/images/2025/10/20/Liv_Yergensen.png?width=80&quality=90
8,Sophia Mindermann,Pacific Tigers,G,5-10,Fr.,"Folsom, CA",FreeAgent,-1.0,-0.33,95.5,157.5,3.0,7.67,1.33,0.33,1.67,0.0,0.0,0.33,2.67,0.33,0.67,0.33,4.0,0.0,0.0,1.0,0.33,23.0,4.0,1.0,5.0,0.0,0.0,2.0,1.0,12.0,1.0,8.0,1.0,3.0,1.0,Folsom HS,sophia mindermann,https://pacifictigers.com/images/2025/10/20/Sophia_Mindermann.png?width=80&quality=90
9,Marina Radocaj,Pacific Tigers,G/F,6-3,Jr.,"Richmond, Canada",FreeAgent,30.0,10.0,3.0,83.0,3.0,23.0,3.33,7.33,1.0,0.67,1.0,0.0,0.0,0.0,5.0,1.67,3.0,3.0,1.0,19.0,6.33,69.0,10.0,22.0,3.0,2.0,3.0,15.0,5.0,9.0,0.0,0.0,0.0,0.0,0.0,Arizona State / R.A. McMath Secondary School,marina radocaj,https://pacifictigers.com/images/2025/10/20/Marina_Radocaj.png?width=80&quality=90
10,Sydney Ward,Pacific Tigers,G/F,6-0,Sr.,"Houston, TX",UserTeam4,61.0,20.33,1.0,34.5,3.0,25.67,8.33,5.67,1.33,1.33,1.0,1.33,2.67,1.67,2.0,2.67,6.67,6.0,2.0,11.0,3.67,77.0,25.0,17.0,4.0,4.0,3.0,6.0,8.0,20.0,4.0,8.0,5.0,8.0,2.67,The Village,sydney ward,https://pacifictigers.com/images/2025/10/20/Sydney_Ward.png?width=80&quality=90
11,Luisa Anderegg,Pacific Tigers,F,6-2,Sr.,"Cologne, Germany",UserTeam4,4.0,1.33,38.5,125.5,3.0,13.0,2.0,1.67,0.67,0.0,0.0,0.67,2.33,0.0,1.0,0.67,3.0,3.0,1.0,2.0,0.67,39.0,6.0,5.0,2.0,0.0,0.0,3.0,2.0,9.0,2.0,7.0,0.0,0.0,0.0,Midland College,luisa anderegg,https://pacifictigers.com/images/2025/10/20/Luisa_Anderegg.png?width=80&quality=90
15,Nyah Lowery,Pacific Tigers,G,5-11,Jr.,"Sacramento, CA",FreeAgent,37.0,12.33,47.0,71.0,3.0,16.33,7.0,2.33,1.33,0.0,0.33,1.67,3.0,0.0,1.33,2.67,5.33,3.0,1.0,4.0,1.33,49.0,21.0,7.0,4.0,0.0,1.0,4.0,8.0,16.0,5.0,9.0,0.0,0.0,0.0,Saint Mary's,nyah lowery,https://pacifictigers.com/images/2025/10/20/Nyah_Lowery.png?width=80&quality=90
21,Daria Nestorov,Pacific Tigers,G,5-4,So.,"Zrenjanin, Serbia",UserTeam6,75.0,25.0,14.0,20.0,3.0,32.0,10.33,4.33,5.0,1.67,0.0,2.33,6.33,0.67,2.67,3.67,11.33,1.0,0.33,12.0,4.0,96.0,31.0,13.0,15.0,5.0,0.0,8.0,11.0,34.0,7.0,19.0,2.0,4.0,1.33,Gymnasium Kraljevo,daria nestorov,https://pacifictigers.com/images/2025/10/20/Daria_Nestorov.png?width=80&quality=90
23,Kenlee Durrill,Pacific Tigers,G,5-10,R-So.,"Denver, CO",FreeAgent,0.0,0.0,87.5,144.0,1.0,1.0,0.0,0.0,0.0,0.0,0.0,0.0,0.0,0.0,0.0,0.0,0.0,0.0,0.0,0.0,0.0,1.0,0.0,0.0,0.0,0.0,0.0,0.0,0.0,0.0,0.0,0.0,0.0,0.0,0.0,Flat Irons,kenlee durrill,https://pacifictigers.com/images/2025/10/20/Kenlee_Durrill.png?width=80&quality=90
24,LaMiracle Lebon,Pacific Tigers,F,6-3,Fr.,"Columbus, MS",UserTeam3,0.0,0.0,46.0,144.0,0.0,0.0,0.0,0.0,0.0,0.0,0.0,0.0,0.0,0.0,0.0,0.0,0.0,0.0,0.0,0.0,0.0,0.0,0.0,0.0,0.0,0.0,0.0,0.0,0.0,0.0,0.0,0.0,0.0,0.0,0.0,Vanden HS,lamiracle lebon,https://pacifictigers.com/images/2025/10/20/LaMiracle_Lebon.png?width=80&quality=90
25,Winner Bartholomew,Pacific Tigers,F,6-1,So.,"Abuja, Nigeria",FreeAgent,63.0,21.0,10.5,32.5,3.0,27.0,12.67,6.33,0.67,2.0,0.0,0.33,0.33,1.0,2.67,5.67,13.67,5.0,1.67,14.0,4.67,81.0,38.0,19.0,2.0,6.0,0.0,8.0,17.0,41.0,1.0,1.0,3.0,6.0,2.0,Rider,winner bartholomew,https://pacifictigers.com/images/2025/10/20/Winner_Bartholomew.png?width=80&quality=90
32,Tyla Fautua,Pacific Tigers,F,6-0,So.,"Brisbane, Australia",FreeAgent,3.0,3.0,40.0,127.0,1.0,2.0,0.0,2.0,0.0,0.0,0.0,0.0,0.0,0.0,0.0,0.0,0.0,0.0,0.0,2.0,2.0,2.0,0.0,2.0,0.0,0.0,0.0,0.0,0.0,0.0,0.0,0.0,0.0,0.0,0.0,Southern Districts Spartans,tyla fautua,https://pacifictigers.com/images/2025/10/20/Tyla_Fautua.png?width=80&quality=90
2,Mara Neira,San Francisco Dons,G,5-9,Gr.,"Baiona, Spain",UserTeam6,26.0,8.67,60.5,92.5,3.0,17.33,3.67,4.0,2.0,1.0,0.0,1.0,5.33,0.0,1.0,1.33,6.67,2.0,0.67,10.0,3.33,52.0,11.0,12.0,6.0,3.0,0.0,3.0,4.0,20.0,3.0,16.0,0.0,0.0,0.0,Presbyterian/Appalachian State,mara neira,https://drtye9aslmeh1.cloudfront.net/images/2025/10/14/2_Mara_Neira_Headshot.jpg?width=80&quality=90
3,Noelia Mourino,San Francisco Dons,F,6-2,Fr.,"O Porrino, Spain",FreeAgent,0.0,0.0,46.0,144.0,0.0,0.0,0.0,0.0,0.0,0.0,0.0,0.0,0.0,0.0,0.0,0.0,0.0,0.0,0.0,0.0,0.0,0.0,0.0,0.0,0.0,0.0,0.0,0.0,0.0,0.0,0.0,0.0,0.0,0.0,0.0,Segle XXI Barcelona,noelia mourino,https://drtye9aslmeh1.cloudfront.net/images/2025/10/14/3_Noelia_Mourino_Headshot.jpg?width=80&quality=90
4,Meghan McIntyre,San Francisco Dons,G,5-6,Gr.,"Garden Grove, Calif.",UserTeam6,65.0,21.67,19.0,27.5,3.0,26.67,5.33,7.0,4.33,1.33,0.0,0.33,2.33,1.0,2.67,2.0,6.0,2.0,0.67,19.0,6.33,80.0,16.0,21.0,13.0,4.0,0.0,8.0,6.0,18.0,1.0,7.0,3.0,4.0,1.33,Southern Oregon/Orange Coast CC/Golden West CC,meghan mcintyre,https://drtye9aslmeh1.cloudfront.net/images/2025/10/14/4_Meghan_McIntyre_Headshot.jpg?width=80&quality=90
7,Nevaeh Ferrara Horne,San Francisco Dons,F,6-2,Jr.,"Regina, Saskatchewan, Canada",FreeAgent,10.0,3.33,33.0,115.5,3.0,18.0,1.67,4.33,0.33,0.67,0.0,0.0,0.0,0.33,2.33,0.67,3.0,6.0,2.0,7.0,2.33,54.0,5.0,13.0,1.0,2.0,0.0,7.0,2.0,9.0,0.0,0.0,1.0,2.0,0.67,North Dakota,nevaeh ferrara horne,https://drtye9aslmeh1.cloudfront.net/images/2025/10/14/7_Nevaeh_Ferrera_Horne_Headshot.jpg?width=80&quality=90
9,Aina Cargol,San Francisco Dons,G,5-9,Fr.,"Olot, Spain",FreeAgent,54.0,18.0,30.5,45.0,3.0,25.67,12.0,1.33,2.33,1.33,0.0,1.67,3.33,2.33,3.33,4.0,8.67,0.0,0.0,4.0,1.33,77.0,36.0,4.0,7.0,4.0,0.0,10.0,12.0,26.0,5.0,10.0,7.0,9.0,3.0,Spar Girona,aina cargol,https://drtye9aslmeh1.cloudfront.net/images/2025/10/14/9_Aina_Cargol_Headshot.jpg?width=80&quality=90
10,Amy Pateman,San Francisco Dons,G,5-8,Fr.,"Auckland, New Zealand",FreeAgent,-4.0,-1.33,99.0,161.0,3.0,3.0,0.33,0.0,0.0,0.0,0.0,0.0,0.67,0.33,0.0,0.0,1.0,0.0,0.0,0.0,0.0,9.0,1.0,0.0,0.0,0.0,0.0,0.0,0.0,3.0,0.0,2.0,1.0,2.0,0.67,Westlake Girls High School,amy pateman,https://drtye9aslmeh1.cloudfront.net/images/2025/10/14/10_Amy_Pateman_Headshot.jpg?width=80&quality=90
12,Natasa Tausova,San Francisco Dons,F,6-3,Fr.,"Poprad, Slovakia",FreeAgent,27.0,9.0,23.0,89.5,3.0,22.0,7.33,3.0,0.33,1.33,0.0,1.0,4.0,0.33,1.67,3.0,7.67,4.0,1.33,5.0,1.67,66.0,22.0,9.0,1.0,4.0,0.0,5.0,9.0,23.0,3.0,12.0,1.0,4.0,1.33,Piestanske Cajky,natasa tausova,https://drtye9aslmeh1.cloudfront.net/images/2025/10/14/12_Natasa_Tausova_Headshot.jpg?width=80&quality=90
14,Michelle Ugwah,San Francisco Dons,F,6-1,R-So.,"Cork, Ireland",UserTeam3,35.0,11.67,20.0,74.5,3.0,17.0,3.67,3.0,1.0,1.33,0.67,0.0,0.0,0.33,1.33,1.67,6.0,3.0,1.0,6.0,2.0,51.0,11.0,9.0,3.0,4.0,2.0,4.0,5.0,18.0,0.0,0.0,1.0,2.0,0.67,Morehead State,michelle ugwah,https://drtye9aslmeh1.cloudfront.net/images/2025/10/14/14_Michelle_Ugwah_Headshot.jpg?width=80&quality=90
21,Olivia Williams,San Francisco Dons,G,6-1,R-Sr.,"South San Francisco, Calif.",FreeAgent,0.0,0.0,87.5,144.0,0.0,0.0,0.0,0.0,0.0,0.0,0.0,0.0,0.0,0.0,0.0,0.0,0.0,0.0,0.0,0.0,0.0,0.0,0.0,0.0,0.0,0.0,0.0,0.0,0.0,0.0,0.0,0.0,0.0,0.0,0.0,UC Irvine,olivia williams,https://drtye9aslmeh1.cloudfront.net/images/2025/10/14/21_Olivia_Williams_Headshot.jpg?width=80&quality=90
22,Paula Tirado,San Francisco Dons,G,5-7,R-So.,"Mataro, Spain",UserTeam5,35.0,11.67,49.0,74.5,3.0,22.0,6.67,1.0,1.33,0.67,0.0,1.33,2.0,0.0,1.67,2.67,5.67,0.0,0.0,3.0,1.0,66.0,20.0,3.0,4.0,2.0,0.0,5.0,8.0,17.0,4.0,6.0,0.0,0.0,0.0,IES Damia Campeny,paula tirado,https://drtye9aslmeh1.cloudfront.net/images/2025/10/14/22_Paula_Tirado_Headshot.jpg?width=80&quality=90
23,Candy Edokpaigbe,San Francisco Dons,G,6-0,So.,"Naples, Italy",UserTeam4,91.0,30.33,6.0,10.0,3.0,26.33,15.0,4.33,1.33,2.0,1.67,1.33,2.33,2.33,3.67,5.67,9.0,5.0,1.67,8.0,2.67,79.0,45.0,13.0,4.0,6.0,5.0,11.0,17.0,27.0,4.0,7.0,7.0,12.0,4.0,Seattle U,candy edokpaigbe,https://drtye9aslmeh1.cloudfront.net/images/2025/10/14/23_Candy_Edkopaigbe_Headshot.jpg?width=80&quality=90
24,Sol Castro,San Francisco Dons,F,6-1,Gr.,"Rio Colorado, Argentina",UserTeam6,0.0,0.0,46.0,144.0,0.0,0.0,0.0,0.0,0.0,0.0,0.0,0.0,0.0,0.0,0.0,0.0,0.0,0.0,0.0,0.0,0.0,0.0,0.0,0.0,0.0,0.0,0.0,0.0,0.0,0.0,0.0,0.0,0.0,0.0,0.0,Robert Morris,sol castro,https://drtye9aslmeh1.cloudfront.net/images/2025/10/14/24_Sol_Castro_Headshot.jpg?width=80&quality=90
32,Sophia Priestley,San Francisco Dons,F,6-2,Fr.,"Oslo, Norway",UserTeam1,12.0,4.0,31.5,110.0,3.0,4.0,2.0,1.0,0.0,0.0,0.0,0.0,0.0,0.67,0.0,0.67,0.67,1.0,0.33,2.0,0.67,12.0,6.0,3.0,0.0,0.0,0.0,0.0,2.0,2.0,0.0,0.0,2.0,2.0,0.67,Ullern IF Oslo,sophia priestley,https://drtye9aslmeh1.cloudfront.net/images/2025/10/14/32_Sophia_Priestley_Headshot.jpg?width=80&quality=90
1,Malvina Haziri,Washington State Cougars,G,5-9,Fr.,"Vushtrria, Kosovo",FreeAgent,16.0,5.33,67.0,107.0,3.0,12.33,2.0,1.0,1.0,0.0,0.0,0.67,1.67,0.0,0.0,0.67,1.67,1.0,0.33,2.0,0.67,37.0,6.0,3.0,3.0,0.0,0.0,0.0,2.0,5.0,2.0,5.0,0.0,0.0,0.0,KBF Prishtina,malvina haziri,https://d1gp0cqcpext3x.cloudfront.net/images/2025/10/9/Haziri__Malvina.png?width=80&quality=90
2,Eleonora Villa,Washington State Cougars,G,5-8,Jr.,"Lissone, Italy",UserTeam4,107.0,26.75,3.0,6.0,4.0,36.5,18.5,2.0,2.5,1.5,0.25,1.25,4.0,2.25,3.25,7.5,14.25,1.0,0.25,7.0,1.75,146.0,74.0,8.0,10.0,6.0,1.0,13.0,30.0,57.0,5.0,16.0,9.0,12.0,3.0,Costa Masnaga,eleonora villa,https://d1gp0cqcpext3x.cloudfront.net/images/2025/10/9/Villa__Eleonora.png?width=80&quality=90
5,Jean Chiu,Washington State Cougars,G,5-7,Sr.,"Taipei, Taiwan",FreeAgent,-2.0,-0.5,97.5,159.5,4.0,4.25,0.25,0.0,0.0,0.0,0.0,0.0,0.25,0.25,0.0,0.0,0.25,0.0,0.0,0.0,0.0,17.0,1.0,0.0,0.0,0.0,0.0,0.0,0.0,1.0,0.0,1.0,1.0,2.0,0.5,University of Taipei,jean chiu,https://d1gp0cqcpext3x.cloudfront.net/images/2025/10/9/Chiu__Jean.png?width=80&quality=90
6,Tahara Magassa,Washington State Cougars,F,6-4,Fr.,"Paris, France",FreeAgent,0.0,0.0,46.0,144.0,0.0,0.0,0.0,0.0,0.0,0.0,0.0,0.0,0.0,0.0,0.0,0.0,0.0,0.0,0.0,0.0,0.0,0.0,0.0,0.0,0.0,0.0,0.0,0.0,0.0,0.0,0.0,0.0,0.0,0.0,0.0,Saint-Amand Hainut,tahara magassa,https://dxbhsrqyrr690.cloudfront.net/sidearm.nextgen.sites/wsu.sidearmsports.com/images/responsive_2020/logo_main.svg
8,Mackenzie Chatfield,Washington State Cougars,G,5-9,Jr.,"Auckland, New Zealand",FreeAgent,55.0,13.75,28.5,42.5,4.0,24.0,2.5,3.75,2.25,1.25,0.25,0.0,0.0,0.5,1.25,1.0,3.5,2.0,0.5,13.0,3.25,96.0,10.0,15.0,9.0,5.0,1.0,5.0,4.0,14.0,0.0,0.0,2.0,6.0,1.5,Western Kentucky,mackenzie chatfield,https://d1gp0cqcpext3x.cloudfront.net/images/2025/10/9/Chatfield__Mackenzie.png?width=80&quality=90
9,Tanja Valancic,Washington State Cougars,F,6-0,Fr.,"Ljubljana, Slovenia",FreeAgent,40.0,10.0,17.0,66.0,4.0,22.0,4.25,3.75,1.75,1.0,0.0,0.75,2.25,1.5,2.0,1.0,4.0,5.0,1.25,10.0,2.5,88.0,17.0,15.0,7.0,4.0,0.0,8.0,4.0,16.0,3.0,9.0,6.0,8.0,2.0,Akson Ilirija,tanja valancic,https://d1gp0cqcpext3x.cloudfront.net/images/2025/10/9/Valancic__Tanja.png?width=80&quality=90
10,Charlotte Abraham,Washington State Cougars,G,6-0,So.,"Cambrai, France",FreeAgent,40.0,10.0,45.0,66.0,4.0,25.5,9.5,6.5,1.75,0.25,0.0,1.25,6.25,2.25,2.25,3.0,9.25,6.0,1.5,20.0,5.0,102.0,38.0,26.0,7.0,1.0,0.0,9.0,12.0,37.0,5.0,25.0,9.0,12.0,3.0,Lycee Marguerite de Flandre,charlotte abraham,https://d1gp0cqcpext3x.cloudfront.net/images/2025/10/9/Abraham__Charlotte.png?width=80&quality=90
12,Marta Alsina,Washington State Cougars,G,5-11,So.,"Barcelona, Spain",FreeAgent,33.0,8.25,52.0,78.0,4.0,18.25,3.75,2.0,0.5,1.25,0.5,0.5,1.75,0.25,1.5,1.5,4.25,0.0,0.0,8.0,2.0,73.0,15.0,8.0,2.0,5.0,2.0,6.0,6.0,17.0,2.0,7.0,1.0,3.0,0.75,Institut Joaquim Blume,marta alsina,https://d1gp0cqcpext3x.cloudfront.net/images/2025/10/9/Alsina__Marta.png?width=80&quality=90
15,Keandra Koorits,Washington State Cougars,G/F,6-2,R-Fr.,"Tallinn, Estonia",FreeAgent,36.0,9.0,2.0,72.5,4.0,25.0,9.75,2.75,0.75,0.5,0.5,1.25,4.25,3.0,2.0,2.75,8.75,3.0,0.75,8.0,2.0,100.0,39.0,11.0,3.0,2.0,2.0,8.0,11.0,35.0,5.0,17.0,12.0,13.0,3.25,Audentes Sports Gymnasium,keandra koorits,https://d1gp0cqcpext3x.cloudfront.net/images/2025/10/9/Koorits__Keandra.png?width=80&quality=90
25,Lauren Glazier,Washington State Cougars,F,6-4,Sr.,"North Bend, Wash.",FreeAgent,0.0,0.0,46.0,144.0,0.0,0.0,0.0,0.0,0.0,0.0,0.0,0.0,0.0,0.0,0.0,0.0,0.0,0.0,0.0,0.0,0.0,0.0,0.0,0.0,0.0,0.0,0.0,0.0,0.0,0.0,0.0,0.0,0.0,0.0,0.0,Mount Si HS,lauren glazier,https://d1gp0cqcpext3x.cloudfront.net/images/2025/10/9/Glazier__Lauren.png?width=80&quality=90
33,Alex Covill,Washington State Cougars,C,6-6,Jr.,"Missoula, Mont.",UserTeam4,10.0,5.0,6.0,115.5,2.0,20.0,4.0,4.0,1.0,0.0,1.5,0.0,0.0,0.0,4.5,2.0,5.5,5.0,2.5,3.0,1.5,40.0,8.0,8.0,2.0,0.0,3.0,9.0,4.0,11.0,0.0,0.0,0.0,0.0,0.0,Missoula Hellgate HS,alex covill,https://d1gp0cqcpext3x.cloudfront.net/images/2025/10/9/Covill__Alex.png?width=80&quality=90
55,Malia Ruud,Washington State Cougars,F,6-2,Fr.,"Pasco, Wash.",UserTeam5,60.0,15.0,12.5,37.0,4.0,25.25,9.5,3.5,0.5,0.5,1.0,0.5,1.5,0.5,2.25,4.25,7.5,8.0,2.0,6.0,1.5,101.0,38.0,14.0,2.0,2.0,4.0,9.0,17.0,30.0,2.0,6.0,2.0,4.0,1.0,Chiawana HS,malia ruud,https://d1gp0cqcpext3x.cloudfront.net/images/2025/10/9/Ruud__Malia.png?width=80&quality=90
0,Goundo Diakite Bayo,Portland Pilots,F,6-1,Fr.,"Barcelona, Spain",FreeAgent,0.0,0.0,46.0,144.0,0.0,0.0,0.0,0.0,0.0,0.0,0.0,0.0,0.0,0.0,0.0,0.0,0.0,0.0,0.0,0.0,0.0,0.0,0.0,0.0,0.0,0.0,0.0,0.0,0.0,0.0,0.0,0.0,0.0,0.0,0.0,IES Carles Vallbona,goundo diakite bayo,https://portlandpilots.com/images/2025/10/15/Diakite_Goundoba26web.JPG?width=80&quality=90
2,Dyani Ananiev,Portland Pilots,G,6-2,R-So.,"St. Andrews, Australia",FreeAgent,94.0,31.33,5.0,9.0,3.0,18.0,9.67,2.67,2.33,4.33,0.33,1.67,4.33,0.67,3.0,3.67,7.0,3.0,1.0,5.0,1.67,54.0,29.0,8.0,7.0,13.0,1.0,9.0,11.0,21.0,5.0,13.0,2.0,3.0,1.0,Wyndham,dyani ananiev,https://portlandpilots.com/images/2025/10/15/Ananiev_Dyani26web.JPG?width=80&quality=90
3,Florence Dallow,Portland Pilots,G,6-2,R-So.,"Auckland, New Zealand",UserTeam2,81.0,27.0,10.0,15.0,3.0,16.33,13.67,2.67,1.67,1.33,0.0,1.0,2.33,3.33,0.67,4.67,7.67,3.0,1.0,5.0,1.67,49.0,41.0,8.0,5.0,4.0,0.0,2.0,14.0,23.0,3.0,7.0,10.0,11.0,3.67,Epsom Girls Grammar School,florence dallow,https://portlandpilots.com/images/2025/10/15/Dallow_Florence26web.JPG?width=80&quality=90
5,Aubrey Herrin,Portland Pilots,G,6-1,Fr.,"Kennewick, WA",FreeAgent,77.0,25.67,11.5,17.5,3.0,18.0,6.0,4.67,2.0,1.33,1.33,0.33,0.33,1.0,1.33,2.33,3.33,3.0,1.0,11.0,3.67,54.0,18.0,14.0,6.0,4.0,4.0,4.0,7.0,10.0,1.0,1.0,3.0,3.0,1.0,Kamiakin HS,aubrey herrin,https://portlandpilots.com/images/2025/10/15/Herrin_Aubrey26web.JPG?width=80&quality=90
7,Tiffany Barbosa,Portland Pilots,G,5-10,So.,"Stockholm, Sweden",FreeAgent,41.0,13.67,43.5,63.0,3.0,17.0,6.67,1.33,1.33,1.0,0.0,1.0,2.67,1.0,1.33,2.33,4.0,1.0,0.33,3.0,1.0,51.0,20.0,4.0,4.0,3.0,0.0,4.0,7.0,12.0,3.0,8.0,3.0,4.0,1.33,RIG Lulea,tiffany barbosa,https://portlandpilots.com/images/2025/10/15/Barbosa_Tiffany26web.jpg?width=80&quality=90
9,Jada Kennedy,Portland Pilots,C,6-5,Fr.,"Melbourne, Australia",FreeAgent,46.0,15.33,2.0,59.0,3.0,10.33,4.67,4.33,0.67,0.0,1.0,0.0,0.0,0.0,0.67,2.33,2.67,4.0,1.33,9.0,3.0,31.0,14.0,13.0,2.0,0.0,3.0,2.0,7.0,8.0,0.0,0.0,0.0,0.0,0.0,Siena College,jada kennedy,https://portlandpilots.com/images/2025/10/15/Kennedy_Jada26web.JPG?width=80&quality=90
10,Natalie Fraley,Portland Pilots,G,6-0,Sr.,"Kelso, WA",UserTeam2,51.0,17.0,36.0,51.0,3.0,20.67,6.67,2.33,2.0,1.67,0.33,1.33,3.33,0.67,2.33,2.33,5.67,1.0,0.33,6.0,2.0,62.0,20.0,7.0,6.0,5.0,1.0,7.0,7.0,17.0,4.0,10.0,2.0,2.0,0.67,Utah State / Kelso HS,natalie fraley,https://portlandpilots.com/images/2025/10/15/Fraley_Natalie26web.JPG?width=80&quality=90
12,Brynn Smith,Portland Pilots,G,6-0,Fr.,"Eugene, OR",FreeAgent,57.0,19.0,26.5,40.5,3.0,18.33,9.33,1.33,2.33,2.33,0.33,0.67,2.67,0.67,4.33,4.0,7.67,0.0,0.0,4.0,1.33,55.0,28.0,4.0,7.0,7.0,1.0,13.0,12.0,23.0,2.0,8.0,2.0,2.0,0.67,Willamette HS,brynn smith,https://portlandpilots.com/images/2025/10/15/Smith_Brynn26web.JPG?width=80&quality=90
14,Caitlin Monahan,Portland Pilots,G,5-10,R-Fr.,"Mercer Island, WA",FreeAgent,29.0,14.5,56.5,85.5,2.0,16.0,3.5,3.0,1.5,1.0,0.5,0.5,1.5,0.0,1.0,1.5,3.5,2.0,1.0,4.0,2.0,32.0,7.0,6.0,3.0,2.0,1.0,2.0,3.0,7.0,1.0,3.0,0.0,0.0,0.0,Mercer Island HS,caitlin monahan,https://portlandpilots.com/images/2025/10/15/Monahan_Caitlyn26web.JPG?width=80&quality=90
17,Nicole Anderson,Portland Pilots,G,5-8,Gr.,"Eastvale, CA",UserTeam6,11.0,3.67,71.0,113.0,3.0,9.33,3.67,0.33,0.33,0.33,0.0,0.33,2.0,0.67,0.33,1.33,4.0,0.0,0.0,1.0,0.33,28.0,11.0,1.0,1.0,1.0,0.0,1.0,4.0,12.0,1.0,6.0,2.0,2.0,0.67,LMU / SMU / Rosary Academy,nicole anderson,https://portlandpilots.com/images/2025/10/15/Rodriguez_Nicole26web.JPG?width=80&quality=90
20,Lainey Spear,Portland Pilots,F,6-2,Jr.,"Portland, OR",UserTeam3,66.0,22.0,8.0,24.5,3.0,16.33,5.33,4.0,2.67,1.67,0.0,0.0,0.33,0.67,1.33,2.33,3.67,4.0,1.33,8.0,2.67,49.0,16.0,12.0,8.0,5.0,0.0,4.0,7.0,11.0,0.0,1.0,2.0,4.0,1.33,Beaverton HS,lainey spear,https://portlandpilots.com/images/2025/10/15/Spear_Lainey26web.JPG?width=80&quality=90
22,Rhyan Mogel,Portland Pilots,G,5-10,Jr.,"Happy Valley, OR",FreeAgent,89.0,29.67,8.0,13.0,3.0,17.33,11.67,1.33,3.0,1.33,0.33,1.0,1.33,2.67,1.33,4.0,5.33,2.0,0.67,2.0,0.67,52.0,35.0,4.0,9.0,4.0,1.0,4.0,12.0,16.0,3.0,4.0,8.0,8.0,2.67,Clackamas HS,rhyan mogel,https://portlandpilots.com/images/2025/10/15/Mogel_Rhyan26web.JPG?width=80&quality=90
35,Camille Dake,Portland Pilots,G,6-0,Fr.,"Vista, CA",UserTeam2,0.0,0.0,87.5,144.0,0.0,0.0,0.0,0.0,0.0,0.0,0.0,0.0,0.0,0.0,0.0,0.0,0.0,0.0,0.0,0.0,0.0,0.0,0.0,0.0,0.0,0.0,0.0,0.0,0.0,0.0,0.0,0.0,0.0,0.0,0.0,Rancho Buena Vista HS,camille dake,https://portlandpilots.com/images/2025/10/15/Dake_Camille26web.jpg?width=80&quality=90
42,Ella Zimmerman,Portland Pilots,F/C,6-4,So.,"Redondo Beach, CA",FreeAgent,40.0,13.33,1.0,66.0,3.0,12.33,4.0,3.67,0.33,0.0,1.33,0.0,0.0,0.0,0.33,2.0,3.33,3.0,1.0,8.0,2.67,37.0,12.0,11.0,1.0,0.0,4.0,1.0,6.0,10.0,0.0,0.0,0.0,0.0,0.0,Redondo Union HS,ella zimmerman,https://portlandpilots.com/images/2025/10/15/Zimmerman_Ella26web.JPG?width=80&quality=90
44,Julia Dalan,Portland Pilots,C/F,6-3,Fr.,"Centralia, WA",UserTeam5,48.0,16.0,1.0,56.5,3.0,15.33,7.67,2.33,1.0,0.0,2.0,0.0,0.33,1.67,1.67,3.0,5.67,4.0,1.33,3.0,1.0,46.0,23.0,7.0,3.0,0.0,6.0,5.0,9.0,17.0,0.0,1.0,5.0,6.0,2.0,W.F. West HS,julia dalan,https://portlandpilots.com/images/2025/10/15/Dalan_Julia26web.JPG?width=80&quality=90
0,Ysabella Von Seipler,San Diego Toreros,G,5-10,Fr.,"Rocklin, CA",FreeAgent,36.0,18.0,48.0,72.5,2.0,14.0,7.5,4.0,1.5,0.5,0.0,1.5,3.0,0.0,0.0,3.0,6.5,3.0,1.5,5.0,2.5,28.0,15.0,8.0,3.0,1.0,0.0,0.0,6.0,13.0,3.0,6.0,0.0,0.0,0.0,,ysabella von seipler,https://usdtoreros.com/images/2025/10/15/Ysabella_Von_Seipler_Head_Shot.png?width=300
1,Dresha Moore,San Diego Toreros,F,6-0,So.,"Hawthorne, CA",FreeAgent,24.0,6.0,24.0,94.0,4.0,16.75,4.0,2.5,0.25,0.5,0.0,0.25,0.5,0.25,1.0,1.75,4.5,4.0,1.0,6.0,1.5,67.0,16.0,10.0,1.0,2.0,0.0,4.0,7.0,18.0,1.0,2.0,1.0,3.0,0.75,,dresha moore,https://usdtoreros.com/images/2025/10/15/Dresha_Moore_Headshot.png?width=80&quality=90
2,Ryanne Bahnsen-Price,San Diego Toreros,F,6-0,Fr.,"Erie, CO",UserTeam1,0.0,0.0,46.0,144.0,0.0,0.0,0.0,0.0,0.0,0.0,0.0,0.0,0.0,0.0,0.0,0.0,0.0,0.0,0.0,0.0,0.0,0.0,0.0,0.0,0.0,0.0,0.0,0.0,0.0,0.0,0.0,0.0,0.0,0.0,0.0,,ryanne bahnsen-price,https://usdtoreros.com/images/2025/10/15/Ryanne_Bahnsen-Price_Head_Shot.png?width=300
3,Lilly Amor,San Diego Toreros,G,5-11,So.,"Melbourne, Victoria, Australia",UserTeam5,30.0,7.5,55.0,83.0,4.0,15.75,5.0,0.75,1.0,0.25,0.25,1.0,3.25,0.0,0.5,2.0,4.5,1.0,0.25,2.0,0.5,63.0,20.0,3.0,4.0,1.0,1.0,2.0,8.0,18.0,4.0,13.0,0.0,2.0,0.5,,lilly amor,https://usdtoreros.com/images/2025/10/15/Ysabella_Von_Seipler_Head_Shot.png?width=80&quality=90
4,Jessica Ajayi,San Diego Toreros,G,5-10,Fr.,"Kent, WA",FreeAgent,33.0,16.5,52.0,78.0,2.0,14.0,4.0,3.5,3.0,1.0,0.5,0.5,3.0,0.5,1.0,1.5,4.5,2.0,1.0,5.0,2.5,28.0,8.0,7.0,6.0,2.0,1.0,2.0,3.0,9.0,1.0,6.0,1.0,2.0,1.0,,jessica ajayi,https://usdtoreros.com/images/2025/10/15/Jessica_Ajayi_Head_Shot.png?width=80&quality=90
5,Lauren McCall,San Diego Toreros,G,5-6,Jr.,"Boise, ID",UserTeam4,0.0,0.0,87.5,144.0,0.0,0.0,0.0,0.0,0.0,0.0,0.0,0.0,0.0,0.0,0.0,0.0,0.0,0.0,0.0,0.0,0.0,0.0,0.0,0.0,0.0,0.0,0.0,0.0,0.0,0.0,0.0,0.0,0.0,0.0,0.0,,lauren mccall,https://usdtoreros.com/images/2025/10/15/Lauren_McCall_Head_Shot.png?width=80&quality=90
6,Kylie Ray,San Diego Toreros,G,5-8,So.,"La Crescenta, CA",UserTeam5,57.0,19.0,26.5,40.5,3.0,29.0,15.33,6.0,3.33,2.33,0.0,2.33,6.0,3.0,7.0,5.0,16.33,5.0,1.67,13.0,4.33,87.0,46.0,18.0,10.0,7.0,0.0,21.0,15.0,49.0,7.0,18.0,9.0,10.0,3.33,Utah,kylie ray,https://usdtoreros.com/images/2025/10/15/Kylie_Ray_Head_Shot.png?width=80&quality=90
10,Helen Holley,San Diego Toreros,F,6-1,So.,"Cleveland, OH",UserTeam6,47.0,11.75,15.0,58.0,4.0,21.75,2.75,4.75,0.25,1.5,1.5,0.25,1.5,0.5,1.5,1.0,4.25,9.0,2.25,10.0,2.5,87.0,11.0,19.0,1.0,6.0,6.0,6.0,4.0,17.0,1.0,6.0,2.0,6.0,1.5,Michigan State,helen holley,https://usdtoreros.com/images/2025/10/15/Helen_Holley_Head_Shot.png?width=80&quality=90
11,Malia Tharpe,San Diego Toreros,F,6-0,Jr.,"Cottesloe, Western Australia, Australia",FreeAgent,7.0,1.75,35.0,121.0,4.0,19.5,3.0,3.25,0.25,0.0,0.0,0.25,1.25,0.25,0.75,1.25,5.0,5.0,1.25,8.0,2.0,78.0,12.0,13.0,1.0,0.0,0.0,3.0,5.0,20.0,1.0,5.0,1.0,4.0,1.0,,malia tharpe,https://usdtoreros.com/images/2025/10/15/Malia_Tharpe_Head_Shot.png?width=80&quality=90
12,Erica Carr,San Diego Toreros,C,6-3,So.,"Grand Prairie, TX",FreeAgent,18.0,9.0,5.0,103.0,2.0,12.5,4.0,2.0,1.0,0.0,0.5,0.0,0.5,1.0,1.0,1.5,2.5,2.0,1.0,2.0,1.0,25.0,8.0,4.0,2.0,0.0,1.0,2.0,3.0,5.0,0.0,1.0,2.0,2.0,1.0,,erica carr,https://usdtoreros.com/images/2025/10/15/Erica_Carr_Headshot.png?width=80&quality=90
15,Eva Ruse,San Diego Toreros,F,6-2,So.,"North Vancouver, British Columbia, Canada",FreeAgent,39.0,9.75,18.0,68.0,4.0,15.75,3.75,5.0,0.75,0.5,0.5,0.0,0.5,0.75,1.5,1.5,2.5,10.0,2.5,10.0,2.5,63.0,15.0,20.0,3.0,2.0,2.0,6.0,6.0,10.0,0.0,2.0,3.0,11.0,2.75,,eva ruse,https://usdtoreros.com/images/2025/10/15/Eva_Ruse_Headshot.png?width=80&quality=90
19,Jayden Rhodes,San Diego Toreros,G,5-11,Sr.,"Keller, TX",UserTeam1,51.0,17.0,36.0,51.0,3.0,14.33,7.33,3.0,0.67,0.67,0.33,1.33,2.33,0.0,0.33,3.0,5.0,5.0,1.67,4.0,1.33,43.0,22.0,9.0,2.0,2.0,1.0,1.0,9.0,15.0,4.0,7.0,0.0,0.0,0.0,Morehead State,jayden rhodes,https://usdtoreros.com/images/2025/10/15/Jayden_Rhodes_Head_Shot.png?width=80&quality=90
20,Hallie Rhodes,San Diego Toreros,G,5-11,Sr.,"Keller, TX",FreeAgent,65.0,16.25,19.0,27.5,4.0,25.5,9.5,3.25,1.25,1.25,0.5,0.5,2.5,1.0,1.5,4.0,10.25,5.0,1.25,8.0,2.0,102.0,38.0,13.0,5.0,5.0,2.0,6.0,16.0,41.0,2.0,10.0,4.0,5.0,1.25,Morehead State,hallie rhodes,https://usdtoreros.com/images/2025/10/15/Hallie_Rhodes_Head_Shot.png?width=80&quality=90
22,Ayla Williams,San Diego Toreros,C,6-0,Fr.,"Las Vegas, NV",FreeAgent,27.0,6.75,4.0,89.5,4.0,10.75,1.25,3.5,0.75,0.25,0.75,0.0,0.0,1.25,0.75,0.0,0.5,5.0,1.25,9.0,2.25,43.0,5.0,14.0,3.0,1.0,3.0,3.0,0.0,2.0,0.0,0.0,5.0,12.0,3.0,,ayla williams,https://usdtoreros.com/images/2025/10/15/Ayla_Williams_Headshot.png?width=80&quality=90
24,Olivia Owens,San Diego Toreros,G,5-10,Fr.,"Columbus, OH",FreeAgent,51.0,12.75,36.0,51.0,4.0,21.5,6.25,2.5,1.75,1.75,0.0,1.0,3.75,1.25,1.75,2.0,7.0,5.0,1.25,5.0,1.25,86.0,25.0,10.0,7.0,7.0,0.0,7.0,8.0,28.0,4.0,15.0,5.0,6.0,1.5,,olivia owens,https://usdtoreros.com/images/2025/10/15/Olivia_Owens_Head_Shot.png?width=80&quality=90
