#,Full Name,FullTeamName,Pos.,Ht.,Year,Hometown,userteam,FantasyPts_sum,FantasyPts_mean,rank_pos,rank_global,GP,MIN_mean,PTS_mean,efg%,REB_mean,AST_mean,STL_mean,BLK_mean,3PM_mean,3PA_mean,FTM_mean,TO_mean,FGM_mean,FGA_mean,OREB_sum,OREB_mean,DREB_sum,DREB_mean,MIN_sum,PTS_sum,REB_sum,AST_sum,STL_sum,BLK_sum,TO_sum,FGM_sum,FGA_sum,3PM_sum,3PA_sum,FTM_sum,FTA_sum,FTA_mean,didWin_sum,Previous School,clean_name,ImageURL
3,Ella Brubaker,Seattle U Redhawks,G,6-0,Graduate Student,"University Place, WA",UserTeam1,300.0,27.27,14.0,23.0,11.0,25.0,15.09,0.488,4.91,1.0,1.45,0.55,1.09,3.73,3.64,2.73,5.18,11.73,15.0,1.36,39.0,3.55,275.0,166.0,54.0,11.0,16.0,6.0,30.0,57.0,129.0,12.0,41.0,40.0,51.0,4.64,4.0,The Master's / Pepperdine,ella brubaker,https://goseattleu.com/imgproxy/8wjRPnIdRZZIbDOXp3TME-SUmsnEUYX3bvwlw-7XL-4/rs:fit:1980:0:0/g:ce/q:90/aHR0cHM6Ly9zdG9yYWdlLmdvb2dsZWFwaXMuY29tL2dvc2VhdHRsZXUtY29tLXByb2QvMjAyNS8xMC8wOS9NUEZSb0RjVmpqaFFvcktheXN5YnBnY2cwQmNOSGRjR1RyWGk2MXFVLnBuZw.png
4,Fia Proctor,Seattle U Redhawks,F,6-2,Sophomore,"Bothell, WA",FreeAgent,96.0,8.73,25.0,93.0,11.0,11.27,3.73,0.63,1.0,0.55,0.09,0.09,0.45,0.73,1.09,0.27,1.09,2.09,3.0,0.27,8.0,0.73,124.0,41.0,11.0,6.0,1.0,1.0,3.0,12.0,23.0,5.0,8.0,12.0,12.0,1.09,4.0,Wyoming,fia proctor,https://goseattleu.com/imgproxy/lT84Eiib8dxXLjZTLzwcEEjJ57UGhnWaudg-BO-H7HA/rs:fit:1980:0:0/g:ce/q:90/aHR0cHM6Ly9zdG9yYWdlLmdvb2dsZWFwaXMuY29tL2dvc2VhdHRsZXUtY29tLXByb2QvMjAyNS8xMC8wOS9MNzlmZG5sVG5ROXRNQzVnR3dCUnJkV09lakFQcDVIRGFDYWZKaWxXLnBuZw.png
5,Dylan Mogel,Seattle U Redhawks,G,5-9,Freshman,"Clackamas, OR",UserTeam3,159.0,14.45,43.0,64.5,11.0,26.0,2.73,0.417,2.0,3.09,1.0,0.36,0.09,0.18,0.45,2.09,1.09,2.73,8.0,0.73,14.0,1.27,286.0,30.0,22.0,34.0,11.0,4.0,23.0,12.0,30.0,1.0,2.0,5.0,6.0,0.55,4.0,,dylan mogel,https://goseattleu.com/imgproxy/GjzClbkFb4-W9mtTVxl3VaZ_1ZrH0WCOQzp4uRrZF3I/rs:fit:1980:0:0/g:ce/q:90/aHR0cHM6Ly9zdG9yYWdlLmdvb2dsZWFwaXMuY29tL2dvc2VhdHRsZXUtY29tLXByb2QvMjAyNS8xMC8wOS9TUWt3dnhLbXM5VHFUeGVCY2dCenlwc0ZnMmdkbWdiY3JVQTZzN2xxLnBuZw.png
6,Andjela Bigovic,Seattle U Redhawks,F,6-5,Graduate Student,"Herceg Novi, Montenegro",UserTeam6,133.0,16.62,19.0,76.0,8.0,21.88,7.88,0.45,4.25,0.62,0.38,1.0,1.12,3.62,0.0,1.25,3.38,8.75,8.0,1.0,26.0,3.25,175.0,63.0,34.0,5.0,3.0,8.0,10.0,27.0,70.0,9.0,29.0,0.0,0.0,0.0,4.0,Cochise College / Tarleton State,andjela bigovic,https://goseattleu.com/imgproxy/ds2UsutAxUfSsMMBunNd2IIBY9_GXOiNYonQM8yQQzA/rs:fit:1980:0:0/g:ce/q:90/aHR0cHM6Ly9zdG9yYWdlLmdvb2dsZWFwaXMuY29tL2dvc2VhdHRsZXUtY29tLXByb2QvMjAyNS8xMC8wOS9EbzRuSnI2WWtHcW1uOGx1Y2xaY1RrV004Y0pzN0EySldpczdPbUYxLnBuZw.png
7,Lucija Milkovic,Seattle U Redhawks,C,6-6,Junior,"Sibenik, Croatia",FreeAgent,161.0,17.89,3.0,63.0,9.0,16.11,7.22,0.583,4.67,0.44,0.44,0.67,0.11,0.33,0.22,1.44,3.44,6.0,9.0,1.0,33.0,3.67,145.0,65.0,42.0,4.0,4.0,6.0,13.0,31.0,54.0,1.0,3.0,2.0,6.0,0.67,3.0,Missouri,lucija milkovic,https://goseattleu.com/imgproxy/Y2iEJjG--ZJ35FBiK4Lfio9DERkR5zXEcJ3JCMnnyuc/rs:fit:1980:0:0/g:ce/q:90/aHR0cHM6Ly9zdG9yYWdlLmdvb2dsZWFwaXMuY29tL2dvc2VhdHRsZXUtY29tLXByb2QvMjAyNS8xMC8wOS9tZktnSEdkYmZETFdsa0FyeG8xbnpleDd1MWUzd0dtZjlwclpUUTdiLnBuZw.png
8,Chloe Emanga,Seattle U Redhawks,G,5-9,Freshman,"Marbach Am Neckar, Germany",FreeAgent,141.0,14.1,47.0,72.0,10.0,22.5,6.7,0.469,3.2,0.8,0.8,0.3,0.4,0.8,0.7,1.9,2.8,6.4,10.0,1.0,22.0,2.2,225.0,67.0,32.0,8.0,8.0,3.0,19.0,28.0,64.0,4.0,8.0,7.0,11.0,1.1,4.0,BasCats USC Heidelberg,chloe emanga,https://goseattleu.com/imgproxy/CfoRoMa7CQBDPXJA4SEv1d8OKSy4StWqGvLxTi4JMhE/rs:fit:1980:0:0/g:ce/q:90/aHR0cHM6Ly9zdG9yYWdlLmdvb2dsZWFwaXMuY29tL2dvc2VhdHRsZXUtY29tLXByb2QvMjAyNS8xMC8wOS82UEdENGZvZk16NVFVNFA5c01DWVBOQjhaWFo5T1NPRzc4SVVpa0dvLnBuZw.png
9,Jana Vesic,Seattle U Redhawks,G,5-7,Freshman,"Belgrade, Serbia",FreeAgent,158.0,14.36,44.5,66.5,11.0,25.73,7.91,0.413,1.55,3.45,0.45,0.27,0.45,2.36,1.45,3.27,3.0,7.82,3.0,0.27,14.0,1.27,283.0,87.0,17.0,38.0,5.0,3.0,36.0,33.0,86.0,5.0,26.0,16.0,26.0,2.36,4.0,,jana vesic,https://goseattleu.com/imgproxy/TRnpsePGP3bf6OKdSgsSEGk-j81iVKC0DE6AWhSOSU0/rs:fit:1980:0:0/g:ce/q:90/aHR0cHM6Ly9zdG9yYWdlLmdvb2dsZWFwaXMuY29tL2dvc2VhdHRsZXUtY29tLXByb2QvMjAyNS8xMC8wOS9VR2ZLc3FydXkyV0Z1MkZiTkk0Q0pySkhld3cyM1VEZVhHMWs3ZVMxLnBuZw.png
14,Tamia Stricklin,Seattle U Redhawks,F,6-0,R-Sr.,"Renton, WA",FreeAgent,226.0,22.6,11.0,38.0,10.0,24.4,10.0,0.5,6.9,1.2,0.9,0.3,0.9,2.6,1.5,2.2,3.8,8.5,16.0,1.6,53.0,5.3,244.0,100.0,69.0,12.0,9.0,3.0,22.0,38.0,85.0,9.0,26.0,15.0,19.0,1.9,4.0,Fresno State,tamia stricklin,https://goseattleu.com/imgproxy/hqdnYu8VbJjGaIhA0nssmoz8bxDh7cCPZKb3zncEwM4/rs:fit:1980:0:0/g:ce/q:90/aHR0cHM6Ly9zdG9yYWdlLmdvb2dsZWFwaXMuY29tL2dvc2VhdHRsZXUtY29tLXByb2QvMjAyNS8xMC8wOS9qT3o1QmpZSnVodGU0TnVub0dXUDAwQ3dFellYalM3UEZWbnpsSmR5LnBuZw.png
21,Aaliyah Ibarra,Seattle U Redhawks,G,5-8,Senior,"Las Vegas, NV",FreeAgent,33.0,4.12,77.0,124.0,8.0,13.5,2.38,0.348,1.0,0.12,0.88,0.12,0.25,1.75,0.38,0.75,0.88,2.88,0.0,0.0,8.0,1.0,108.0,19.0,8.0,1.0,7.0,1.0,6.0,7.0,23.0,2.0,14.0,3.0,5.0,0.62,3.0,Utah Tech,aaliyah ibarra,https://goseattleu.com/imgproxy/_TvXo-Wd26emOYoDBaIWFf6n66GR8yidVSZMwYhfao4/rs:fit:1980:0:0/g:ce/q:90/aHR0cHM6Ly9zdG9yYWdlLmdvb2dsZWFwaXMuY29tL2dvc2VhdHRsZXUtY29tLXByb2QvMjAyNS8xMC8wOS91UE5TTnZHY2JrQ1J6WWlkTXVwZE9Ta1J3Q1pnWUkxeE9nN1RSa2VCLnBuZw.png
22,Lucy Larson,Seattle U Redhawks,G,5-10,Sophomore,"Seattle, WA",UserTeam3,35.0,3.5,76.0,122.0,10.0,9.6,1.0,0.25,1.8,0.9,0.4,0.0,0.2,1.0,0.2,0.9,0.3,1.6,5.0,0.5,13.0,1.3,96.0,10.0,18.0,9.0,4.0,0.0,9.0,3.0,16.0,2.0,10.0,2.0,5.0,0.5,4.0,,lucy larson,https://goseattleu.com/imgproxy/dR1mTc9WB43roTFVu20B6gcm0knq8UA90sb7kmGCh0Y/rs:fit:1980:0:0/g:ce/q:90/aHR0cHM6Ly9zdG9yYWdlLmdvb2dsZWFwaXMuY29tL2dvc2VhdHRsZXUtY29tLXByb2QvMjAyNS8xMC8wOS8zWXVFQnJjUkFCSzJ6VVB2ejhTQnFFdHY0M0o4clh1WVAyUnRqSlZ3LnBuZw.png
24,Sydnie Rodriguez,Seattle U Redhawks,G,6-0,Sophomore,"Boise, ID",FreeAgent,120.0,10.91,53.5,81.5,11.0,21.73,6.27,0.353,4.09,0.64,1.27,0.09,0.82,3.64,1.45,1.82,2.0,6.82,12.0,1.09,33.0,3.0,239.0,69.0,45.0,7.0,14.0,1.0,20.0,22.0,75.0,9.0,40.0,16.0,19.0,1.73,4.0,Owhyee HS,sydnie rodriguez,https://goseattleu.com/imgproxy/coiLDNnfD4ptGSHU6KNsQGAz0cK2mGzljSZiA1gw3wc/rs:fit:1980:0:0/g:ce/q:90/aHR0cHM6Ly9zdG9yYWdlLmdvb2dsZWFwaXMuY29tL2dvc2VhdHRsZXUtY29tLXByb2QvMjAyNS8xMC8wOS85RENVaGt6T2NWaUlaMWMySEJLck1YeTM4a1Q4aWN3RnhJRHBzQzlzLnBuZw.png
0,Tiara Bolden,Oregon State Beavers,G,5-11,Gr.,"Eugene, OR",UserTeam5,371.0,28.54,7.0,11.0,13.0,29.69,14.46,0.558,5.31,1.31,1.46,0.23,1.85,4.23,1.85,3.0,5.38,11.31,13.0,1.0,56.0,4.31,386.0,188.0,69.0,17.0,19.0,3.0,39.0,70.0,147.0,24.0,55.0,24.0,28.0,2.15,8.0,,tiara bolden,https://images.sidearmdev.com/crop?url=https%3A%2F%2Fdxbhsrqyrr690.cloudfront.net%2Fsidearm.nextgen.sites%2Foregonstate.sidearmsports.com%2Fimages%2F2024%2F10%2F2%2FWBB_Headshot-9.jpg&width=603&height=803&gravity=north&type=webp
1,Kennedie Shuler,Oregon State Beavers,G,5-10,Jr.,"Gresham, OR",UserTeam1,409.0,31.46,2.0,5.0,13.0,31.46,9.69,0.427,4.77,5.31,1.38,0.85,0.23,1.85,1.15,3.08,4.15,10.0,15.0,1.15,47.0,3.62,409.0,126.0,62.0,69.0,18.0,11.0,40.0,54.0,130.0,3.0,24.0,15.0,33.0,2.54,8.0,,kennedie shuler,https://images.sidearmdev.com/crop?url=https%3A%2F%2Fdxbhsrqyrr690.cloudfront.net%2Fsidearm.nextgen.sites%2Foregonstate.sidearmsports.com%2Fimages%2F2024%2F10%2F2%2FWBB_Headshot-2.jpg&width=603&height=803&gravity=north&type=webp
2,Katelyn Field,Oregon State Beavers,G,5-11,Fr.,"Melbourne, Australia",FreeAgent,43.0,4.3,73.0,117.0,10.0,6.6,2.2,0.4,0.6,0.2,0.4,0.2,0.4,1.4,0.6,0.6,0.6,2.0,1.0,0.1,5.0,0.5,66.0,22.0,6.0,2.0,4.0,2.0,6.0,6.0,20.0,4.0,14.0,6.0,6.0,0.6,6.0,,katelyn field,https://images.sidearmdev.com/crop?url=https%3A%2F%2Fdxbhsrqyrr690.cloudfront.net%2Fsidearm.nextgen.sites%2Foregonstate.sidearmsports.com%2Fimages%2F2025%2F5%2F12%2FKF_Headshot.jpg&width=603&height=803&gravity=north&type=webp
3,Jenna Villa,Oregon State Beavers,G,6-1,Jr.,"Arlington, WA",UserTeam2,356.0,27.38,9.5,14.5,13.0,32.0,13.31,0.496,4.77,1.92,0.85,0.38,1.54,5.23,3.31,1.54,4.23,10.08,16.0,1.23,46.0,3.54,416.0,173.0,62.0,25.0,11.0,5.0,20.0,55.0,131.0,20.0,68.0,43.0,47.0,3.62,8.0,,jenna villa,https://images.sidearmdev.com/crop?url=https%3A%2F%2Fdxbhsrqyrr690.cloudfront.net%2Fsidearm.nextgen.sites%2Foregonstate.sidearmsports.com%2Fimages%2F2025%2F5%2F12%2F25WBB_Recruit_Jenna_Villa_0009.jpg&width=603&height=803&gravity=north&type=webp
4,Ally Schimel,Oregon State Beavers,G,5-10,So.,"Corbett, OR",UserTeam1,166.0,12.77,42.0,62.0,13.0,27.62,7.08,0.542,2.38,0.31,0.69,0.31,1.85,4.0,0.15,1.38,2.54,6.38,4.0,0.31,27.0,2.08,359.0,92.0,31.0,4.0,9.0,4.0,18.0,33.0,83.0,24.0,52.0,2.0,5.0,0.38,8.0,,ally schimel,https://images.sidearmdev.com/crop?url=https%3A%2F%2Fdxbhsrqyrr690.cloudfront.net%2Fsidearm.nextgen.sites%2Foregonstate.sidearmsports.com%2Fimages%2F2024%2F10%2F2%2FWBB_Headshot-6.jpg&width=603&height=803&gravity=north&type=webp
7,Lucia Navarro,Oregon State Beavers,G,6-0,Jr.,"Valencia, Spain",FreeAgent,-10.0,-5.0,100.0,162.0,2.0,5.5,0.0,0.0,1.5,0.0,0.0,0.0,0.0,0.0,0.0,2.5,0.0,0.5,2.0,1.0,1.0,0.5,11.0,0.0,3.0,0.0,0.0,0.0,5.0,0.0,1.0,0.0,0.0,0.0,2.0,1.0,2.0,,lucia navarro,https://images.sidearmdev.com/crop?url=https%3A%2F%2Fdxbhsrqyrr690.cloudfront.net%2Fsidearm.nextgen.sites%2Foregonstate.sidearmsports.com%2Fimages%2F2024%2F10%2F2%2FWBB_Headshot-12.jpg&width=603&height=803&gravity=north&type=webp
10,Susana Yepes,Oregon State Beavers,F,6-0,R-Sr.,"Medellin, Colombia",UserTeam4,21.0,2.62,41.5,131.5,8.0,9.25,1.12,0.321,0.88,0.88,0.0,0.0,0.38,1.12,0.0,0.75,0.38,1.75,2.0,0.25,5.0,0.62,74.0,9.0,7.0,7.0,0.0,0.0,6.0,3.0,14.0,3.0,9.0,0.0,0.0,0.0,5.0,,susana yepes,https://images.sidearmdev.com/crop?url=https%3A%2F%2Fdxbhsrqyrr690.cloudfront.net%2Fsidearm.nextgen.sites%2Foregonstate.sidearmsports.com%2Fimages%2F2024%2F10%2F2%2FWBB_Headshot-11.jpg&width=603&height=803&gravity=north&type=webp
12,Mackenzie Shivers,Oregon State Beavers,G,5-6,R-Jr.,"Mesa, AZ",FreeAgent,-1.0,-0.25,96.0,158.0,4.0,3.25,0.25,0.0,0.25,0.25,0.0,0.0,0.0,0.75,0.25,0.0,0.0,1.25,1.0,0.25,0.0,0.0,13.0,1.0,1.0,1.0,0.0,0.0,0.0,0.0,5.0,0.0,3.0,1.0,2.0,0.5,3.0,,mackenzie shivers,https://images.sidearmdev.com/crop?url=https%3A%2F%2Fdxbhsrqyrr690.cloudfront.net%2Fsidearm.nextgen.sites%2Foregonstate.sidearmsports.com%2Fimages%2F2024%2F10%2F2%2FWBB_Headshot-8.jpg&width=603&height=803&gravity=north&type=webp
15,Lizzy Williamson,Oregon State Beavers,F,6-5,Gr.,"Adelaide, Australia",UserTeam5,215.0,16.54,13.0,44.0,13.0,17.08,5.38,0.46,4.85,0.69,0.38,0.92,0.0,0.08,0.92,1.08,2.23,4.85,24.0,1.85,39.0,3.0,222.0,70.0,63.0,9.0,5.0,12.0,14.0,29.0,63.0,0.0,1.0,12.0,19.0,1.46,8.0,,lizzy williamson,https://images.sidearmdev.com/crop?url=https%3A%2F%2Fdxbhsrqyrr690.cloudfront.net%2Fsidearm.nextgen.sites%2Foregonstate.sidearmsports.com%2Fimages%2F2025%2F5%2F16%2F25WBB_Recruit_Lizzy_Williamson_0037.jpg&width=603&height=803&gravity=north&type=webp
16,Elisa Mehyar,Oregon State Beavers,F,6-5,So.,"Copenhagen, Denmark",FreeAgent,19.0,2.71,44.0,134.0,7.0,4.86,1.29,0.667,1.14,0.0,0.0,0.14,0.0,0.0,0.14,0.57,0.57,0.86,3.0,0.43,5.0,0.71,34.0,9.0,8.0,0.0,0.0,1.0,4.0,4.0,6.0,0.0,0.0,1.0,4.0,0.57,5.0,,elisa mehyar,https://images.sidearmdev.com/crop?url=https%3A%2F%2Fdxbhsrqyrr690.cloudfront.net%2Fsidearm.nextgen.sites%2Foregonstate.sidearmsports.com%2Fimages%2F2024%2F10%2F2%2FWBB_Headshot-10.jpg&width=603&height=803&gravity=north&type=webp
22,Lara Alonso-Basurto,Oregon State Beavers,F,6-3,Fr.,"Madrid, Spain",FreeAgent,195.0,15.0,15.0,51.0,13.0,18.23,6.23,0.484,4.92,0.46,0.31,1.0,0.31,1.15,1.62,1.46,2.15,4.77,27.0,2.08,37.0,2.85,237.0,81.0,64.0,6.0,4.0,13.0,19.0,28.0,62.0,4.0,15.0,21.0,36.0,2.77,8.0,,lara alonso-basurto,https://images.sidearmdev.com/crop?url=https%3A%2F%2Fdxbhsrqyrr690.cloudfront.net%2Fsidearm.nextgen.sites%2Foregonstate.sidearmsports.com%2Fimages%2F2024%2F10%2F2%2FWBB_Headshot-10.jpg&width=603&height=803&gravity=north&type=webp
25,Keira Lindemans,Oregon State Beavers,G,6-0,Fr.,"Melbourne, Australia",FreeAgent,27.0,3.0,79.5,126.5,9.0,8.56,0.89,0.269,0.89,0.33,0.67,0.0,0.11,0.67,0.11,0.89,0.33,1.44,1.0,0.11,7.0,0.78,77.0,8.0,8.0,3.0,6.0,0.0,8.0,3.0,13.0,1.0,6.0,1.0,1.0,0.11,7.0,,keira lindemans,https://images.sidearmdev.com/crop?url=https%3A%2F%2Fdxbhsrqyrr690.cloudfront.net%2Fsidearm.nextgen.sites%2Foregonstate.sidearmsports.com%2Fimages%2F2025%2F5%2F12%2FKL_Headshot.jpg&width=603&height=803&gravity=north&type=webp
30,Catarina Ferreira,Oregon State Beavers,G,6-0,Gr.,"Sao Paulo, Brazil",FreeAgent,0.0,0.0,91.5,151.0,0.0,0.0,0.0,,0.0,0.0,0.0,0.0,0.0,0.0,0.0,0.0,0.0,0.0,0.0,0.0,0.0,0.0,0.0,0.0,0.0,0.0,0.0,0.0,0.0,0.0,0.0,0.0,0.0,0.0,0.0,0.0,0.0,,catarina ferreira,https://images.sidearmdev.com/crop?url=https%3A%2F%2Fdxbhsrqyrr690.cloudfront.net%2Fsidearm.nextgen.sites%2Foregonstate.sidearmsports.com%2Fimages%2F2024%2F10%2F2%2FWBB_Headshot-7.jpg&width=603&height=803&gravity=north&type=webp
31,Cloe Vecina,Oregon State Beavers,G,5-8,So.,"Vigo, Spain",FreeAgent,74.0,5.69,65.0,103.0,13.0,9.85,1.85,0.438,0.69,0.92,0.46,0.15,0.23,0.62,0.23,0.92,0.69,1.85,2.0,0.15,7.0,0.54,128.0,24.0,9.0,12.0,6.0,2.0,12.0,9.0,24.0,3.0,8.0,3.0,7.0,0.54,8.0,,cloe vecina,https://images.sidearmdev.com/crop?url=https%3A%2F%2Fdxbhsrqyrr690.cloudfront.net%2Fsidearm.nextgen.sites%2Foregonstate.sidearmsports.com%2Fimages%2F2024%2F10%2F2%2FWBB_Headshot-5.jpg&width=603&height=803&gravity=north&type=webp
32,Néné Sow,Oregon State Beavers,C,6-8,R-Sr.,"Brussels, Belgium",FreeAgent,204.0,15.69,2.0,49.0,13.0,14.85,4.0,0.676,6.08,0.15,0.38,1.08,0.0,0.0,0.46,1.08,1.77,2.62,20.0,1.54,59.0,4.54,193.0,52.0,79.0,2.0,5.0,14.0,14.0,23.0,34.0,0.0,0.0,6.0,15.0,1.15,8.0,,nene sow,https://images.sidearmdev.com/crop?url=https%3A%2F%2Fdxbhsrqyrr690.cloudfront.net%2Fsidearm.nextgen.sites%2Foregonstate.sidearmsports.com%2Fimages%2F2025%2F5%2F12%2F25WBB_Recruit_Ne_ne__Sow_0060.jpg&width=603&height=803&gravity=north&type=webp
0,Ivory Finley,Pepperdine Waves,G,5-10,Gr.,"Minneapolis, MN",FreeAgent,94.0,8.55,61.0,94.0,11.0,14.18,4.82,0.538,1.45,0.91,0.36,0.09,0.64,2.0,0.91,1.55,1.64,3.64,6.0,0.55,10.0,0.91,156.0,53.0,16.0,10.0,4.0,1.0,17.0,18.0,40.0,7.0,22.0,10.0,14.0,1.27,9.0,Utah State,ivory finley,https://daitadul56i2n.cloudfront.net/images/2025/9/26/0_ivory.jpg?width=80&quality=90
1,Taija Sta. Maria,Pepperdine Waves,G,5-6,Jr.,"Toronto, Ontario, Canada",UserTeam3,196.0,16.33,32.0,50.0,12.0,30.42,6.0,0.414,1.92,3.33,0.75,0.0,0.25,1.42,1.58,2.08,2.08,5.33,3.0,0.25,20.0,1.67,365.0,72.0,23.0,40.0,9.0,0.0,25.0,25.0,64.0,3.0,17.0,19.0,28.0,2.33,9.0,Fresno State,taija sta. maria,https://daitadul56i2n.cloudfront.net/images/2025/9/26/1_taija.jpg?width=80&quality=90
2,Ellison Guiney,Pepperdine Waves,G,5-11,So.,"Goodyear, AZ",UserTeam2,356.0,29.67,9.5,14.5,12.0,30.08,13.67,0.542,3.83,3.08,0.92,0.42,1.83,4.75,2.83,2.67,4.5,10.0,18.0,1.5,28.0,2.33,361.0,164.0,46.0,37.0,11.0,5.0,32.0,54.0,120.0,22.0,57.0,34.0,41.0,3.42,9.0,UNLV,ellison guiney,https://daitadul56i2n.cloudfront.net/images/2025/9/26/2_guiney.jpg?width=80&quality=90
3,Bella Green,Pepperdine Waves,G,6-0,Gr.,"Perth, Australia",UserTeam5,158.0,13.17,44.5,66.5,12.0,13.83,5.08,0.426,6.17,0.67,0.42,0.25,0.17,0.58,0.75,1.75,2.08,5.08,22.0,1.83,52.0,4.33,166.0,61.0,74.0,8.0,5.0,3.0,21.0,25.0,61.0,2.0,7.0,9.0,11.0,0.92,9.0,University of West Florida,bella green,https://daitadul56i2n.cloudfront.net/images/2025/9/26/3_green.jpg?width=80&quality=90
10,Ilinca Belegante,Pepperdine Waves,G,6-0,Fr.,"Bucharest, Romania",FreeAgent,-5.0,-0.83,98.5,160.5,6.0,2.0,0.33,0.0,0.0,0.0,0.0,0.0,0.0,0.5,0.33,0.33,0.0,0.5,0.0,0.0,0.0,0.0,12.0,2.0,0.0,0.0,0.0,0.0,2.0,0.0,3.0,0.0,3.0,2.0,3.0,0.5,5.0,,ilinca belegante,https://daitadul56i2n.cloudfront.net/images/2025/9/26/10_Ilinca.jpg?width=80&quality=90
11,Quinn VanSickle,Pepperdine Waves,G,5-8,Fr.,"Castle Rock, CO",FreeAgent,6.0,2.0,84.0,141.0,3.0,7.33,2.0,0.429,1.0,0.33,0.0,0.0,0.67,2.0,0.0,0.67,0.67,2.33,1.0,0.33,2.0,0.67,22.0,6.0,3.0,1.0,0.0,0.0,2.0,2.0,7.0,2.0,6.0,0.0,0.0,0.0,2.0,,quinn vansickle,https://daitadul56i2n.cloudfront.net/images/2025/9/26/11_quinn.jpg?width=80&quality=90
12,Shorna Preston,Pepperdine Waves,F,6-1,Jr.,"Christchurch, New Zealand",UserTeam3,418.0,34.83,3.0,4.0,12.0,23.67,10.08,0.548,9.5,2.17,1.25,1.75,0.92,2.58,1.5,2.58,3.83,7.83,26.0,2.17,88.0,7.33,284.0,121.0,114.0,26.0,15.0,21.0,31.0,46.0,94.0,11.0,31.0,18.0,21.0,1.75,9.0,Dodge City Community College,shorna preston,https://daitadul56i2n.cloudfront.net/images/2025/9/26/12_Shorna.jpg?width=80&quality=90
13,Meghan Fiso,Pepperdine Waves,G,5-10,Gr.,"Seattle, WA",UserTeam4,319.0,26.58,12.0,18.0,12.0,27.25,10.67,0.519,5.75,2.0,0.67,0.5,0.58,1.58,1.58,1.83,4.25,8.75,9.0,0.75,60.0,5.0,327.0,128.0,69.0,24.0,8.0,6.0,22.0,51.0,105.0,7.0,19.0,19.0,27.0,2.25,9.0,San Diego State,meghan fiso,https://daitadul56i2n.cloudfront.net/images/2025/9/26/13_meghan.jpg?width=80&quality=90
22,Lina Falk,Pepperdine Waves,G,6-2,Jr.,"Wolfenbüttel, Germany",UserTeam1,207.0,20.7,31.0,48.0,10.0,24.7,9.0,0.527,4.8,1.3,1.0,0.2,0.7,1.9,1.1,2.0,3.6,7.5,15.0,1.5,33.0,3.3,247.0,90.0,48.0,13.0,10.0,2.0,20.0,36.0,75.0,7.0,19.0,11.0,16.0,1.6,8.0,Sacramento State,lina falk,https://daitadul56i2n.cloudfront.net/images/2025/9/26/22_lina.jpg?width=80&quality=90
30,Seleh Harmon,Pepperdine Waves,G,5-10,Fr.,"Norman, OK",FreeAgent,238.0,19.83,20.5,32.5,12.0,25.0,9.83,0.574,1.58,1.58,0.75,0.25,2.5,5.83,0.17,1.33,3.58,8.42,4.0,0.33,15.0,1.25,300.0,118.0,19.0,19.0,9.0,3.0,16.0,43.0,101.0,30.0,70.0,2.0,3.0,0.25,9.0,,seleh harmon,https://daitadul56i2n.cloudfront.net/images/2025/9/26/30_seleh.jpg?width=80&quality=90
31,Irune Orio,Pepperdine Waves,F,6-2,Sr.,"Balmaseda, Spain",UserTeam4,69.0,5.75,31.5,106.5,12.0,12.17,2.42,0.284,2.5,1.0,0.08,0.17,0.08,1.33,0.67,0.92,0.83,3.08,8.0,0.67,22.0,1.83,146.0,29.0,30.0,12.0,1.0,2.0,11.0,10.0,37.0,1.0,16.0,8.0,9.0,0.75,9.0,Sacramento State / Xavier,irune orio,https://daitadul56i2n.cloudfront.net/images/2025/9/26/31_irune.jpg?width=80&quality=90
44,Zoe Shanahan,Pepperdine Waves,F,6-2,Fr.,"Melbourne, Australia",FreeAgent,21.0,2.62,41.5,131.5,8.0,4.88,1.75,0.5,0.88,0.5,0.12,0.0,0.0,0.12,0.5,1.38,0.62,1.25,3.0,0.38,4.0,0.5,39.0,14.0,7.0,4.0,1.0,0.0,11.0,5.0,10.0,0.0,1.0,4.0,4.0,0.5,6.0,,zoe shanahan,https://daitadul56i2n.cloudfront.net/images/2025/9/26/44_Zoe.jpg?width=80&quality=90
1,Paige Lofing,Gonzaga Bulldogs,G,5-9,Fr.,"Billings, MT",FreeAgent,-2.0,-0.22,97.0,159.0,9.0,4.22,0.33,0.214,0.56,0.0,0.11,0.0,0.11,0.56,0.0,0.67,0.11,0.78,0.0,0.0,5.0,0.56,38.0,3.0,5.0,0.0,1.0,0.0,6.0,1.0,7.0,1.0,5.0,0.0,0.0,0.0,7.0,,paige lofing,https://d2jpxbzntgxotn.cloudfront.net/images/2025/9/10/paige_lofing-2059.JPG?width=80&quality=90
2,Vera Gunaydin,Gonzaga Bulldogs,G,5-9,Sr.,"Ankara, Turkey",FreeAgent,0.0,0.0,91.5,151.0,0.0,0.0,0.0,,0.0,0.0,0.0,0.0,0.0,0.0,0.0,0.0,0.0,0.0,0.0,0.0,0.0,0.0,0.0,0.0,0.0,0.0,0.0,0.0,0.0,0.0,0.0,0.0,0.0,0.0,0.0,0.0,0.0,South Georgia Tech,vera gunaydin,https://d2jpxbzntgxotn.cloudfront.net/images/2025/9/10/vera_gunaydin-7778.JPG?width=80&quality=90
3,Julia Wilson,Gonzaga Bulldogs,G,5-10,Fr.,"Temecula, CA",FreeAgent,123.0,9.46,52.0,79.0,13.0,12.69,3.0,0.457,1.46,1.0,0.46,0.23,0.31,0.69,0.54,0.62,1.08,2.69,4.0,0.31,15.0,1.15,165.0,39.0,19.0,13.0,6.0,3.0,8.0,14.0,35.0,4.0,9.0,7.0,11.0,0.85,8.0,Rancho Christian HS,julia wilson,https://d2jpxbzntgxotn.cloudfront.net/images/2025/9/10/julia_wilson-7070.JPG?width=80&quality=90
4,Sierra Lichtie,Gonzaga Bulldogs,F,6-0,Gr.,"Riverton, UT",FreeAgent,20.0,3.33,43.0,133.0,6.0,5.5,0.83,0.667,1.33,0.33,0.33,0.0,0.0,0.17,0.17,0.83,0.33,0.5,1.0,0.17,7.0,1.17,33.0,5.0,8.0,2.0,2.0,0.0,5.0,2.0,3.0,0.0,1.0,1.0,2.0,0.33,3.0,Cal Poly,sierra lichtie,https://d2jpxbzntgxotn.cloudfront.net/images/2025/9/10/sierra_lichtie-8103.JPG?width=80&quality=90
8,Ines Bettencourt,Gonzaga Bulldogs,G,5-9,Sr.,"Sao Miguel, Portugal",UserTeam1,238.0,18.31,20.5,32.5,13.0,26.92,5.92,0.389,3.69,3.0,1.31,0.23,0.85,2.15,1.08,2.54,2.0,6.23,12.0,0.92,36.0,2.77,350.0,77.0,48.0,39.0,17.0,3.0,33.0,26.0,81.0,11.0,28.0,14.0,20.0,1.54,8.0,UConn,ines bettencourt,https://d2jpxbzntgxotn.cloudfront.net/images/2025/9/10/ines_bettencourt-6446.JPG?width=80&quality=90
11,Allie Turner,Gonzaga Bulldogs,G,5-8,So.,"St. Louis, MO",UserTeam1,369.0,28.38,8.0,12.5,13.0,34.0,14.62,0.579,2.08,3.54,0.46,0.31,2.46,5.92,2.15,3.08,5.0,10.77,2.0,0.15,25.0,1.92,442.0,190.0,27.0,46.0,6.0,4.0,40.0,65.0,140.0,32.0,77.0,28.0,30.0,2.31,8.0,John Burroughs HS,allie turner,https://d2jpxbzntgxotn.cloudfront.net/images/2025/9/10/new_allie_pic.JPG?width=80&quality=90
12,Christabel Osarobo,Gonzaga Bulldogs,G,5-11,So.,"Tudela, Spain",FreeAgent,15.0,1.5,81.5,135.5,10.0,3.9,0.2,0.25,0.8,0.2,0.2,0.0,0.0,0.2,0.0,0.4,0.1,0.4,3.0,0.3,5.0,0.5,39.0,2.0,8.0,2.0,2.0,0.0,4.0,1.0,4.0,0.0,2.0,0.0,0.0,0.0,6.0,Ipswich Basketball Academy,christabel osarobo,https://d2jpxbzntgxotn.cloudfront.net/images/2025/9/10/christabel_osarobo-7880-3.JPG?width=80&quality=90
20,Taylor Smith,Gonzaga Bulldogs,F,6-2,Jr.,"Pocatello, ID",UserTeam2,210.0,16.15,14.0,45.5,13.0,24.62,4.62,0.389,3.23,2.85,1.15,0.38,0.0,0.77,0.31,2.54,2.15,5.54,12.0,0.92,30.0,2.31,320.0,60.0,42.0,37.0,15.0,5.0,33.0,28.0,72.0,0.0,10.0,4.0,7.0,0.54,8.0,Weber State,taylor smith,https://d2jpxbzntgxotn.cloudfront.net/images/2025/9/10/taylor_smith-1502.JPG?width=80&quality=90
22,McKynnlie Dalan,Gonzaga Bulldogs,F,6-0,Jr.,"Montesano, WA",FreeAgent,76.0,5.85,29.0,102.0,13.0,10.92,1.85,0.304,2.23,0.38,0.38,0.15,0.0,0.15,0.77,0.77,0.54,1.77,11.0,0.85,18.0,1.38,142.0,24.0,29.0,5.0,5.0,2.0,10.0,7.0,23.0,0.0,2.0,10.0,11.0,0.85,8.0,Minnesota,mckynnlie dalan,https://d2jpxbzntgxotn.cloudfront.net/images/2025/9/10/mckynnlie_dalan.JPG?width=80&quality=90
23,Jaiden Haile,Gonzaga Bulldogs,F,6-2,Fr.,"Fargo, ND",FreeAgent,183.0,14.08,16.0,54.0,13.0,15.77,4.54,0.51,5.46,1.46,0.08,0.23,0.0,0.0,0.54,1.23,2.0,3.92,37.0,2.85,34.0,2.62,205.0,59.0,71.0,19.0,1.0,3.0,16.0,26.0,51.0,0.0,0.0,7.0,23.0,1.77,8.0,West Fargo Horace HS,jaiden haile,https://d2jpxbzntgxotn.cloudfront.net/images/2025/9/10/jaiden_haile.JPG?width=80&quality=90
24,Teryn Gardner,Gonzaga Bulldogs,G,5-10,So.,"Spokane, WA",UserTeam4,172.0,13.23,39.0,59.0,13.0,18.0,5.38,0.609,2.77,0.54,0.69,0.0,1.46,3.15,0.23,0.54,1.85,4.23,11.0,0.85,25.0,1.92,234.0,70.0,36.0,7.0,9.0,0.0,7.0,24.0,55.0,19.0,41.0,3.0,4.0,0.31,8.0,Boise State,teryn gardner,https://d2jpxbzntgxotn.cloudfront.net/images/2025/9/10/teryn_gardner-7278.JPG?width=80&quality=90
33,Lauren Whittaker,Gonzaga Bulldogs,F,6-3,R-Fr.,"Canterbury, New Zealand",UserTeam2,554.0,42.62,1.0,1.0,13.0,26.23,19.54,0.638,9.31,1.08,1.31,0.62,1.38,3.31,3.85,2.92,7.15,12.31,21.0,1.62,100.0,7.69,341.0,254.0,121.0,14.0,17.0,8.0,38.0,93.0,160.0,18.0,43.0,50.0,62.0,4.77,8.0,,lauren whittaker,https://d2jpxbzntgxotn.cloudfront.net/images/2025/9/10/lauren_whittaker-1119.JPG?width=80&quality=90
55,Zeryhia Aokuso,Gonzaga Bulldogs,G,5-10,Jr.,"Amarillo, TX",UserTeam1,219.0,16.85,27.0,42.0,13.0,22.38,8.77,0.486,2.46,2.08,0.69,0.0,0.54,1.54,1.0,2.54,3.62,8.0,6.0,0.46,26.0,2.0,291.0,114.0,32.0,27.0,9.0,0.0,33.0,47.0,104.0,7.0,20.0,13.0,19.0,1.46,8.0,Saint Mary's,zeryhia aokuso,https://d2jpxbzntgxotn.cloudfront.net/images/2025/9/10/zerhyia_aokuso-7494.JPG?width=80&quality=90
0,Jess Lawson,Loyola Marymount Lions,G,5-7,Gr.,"Las Vegas, NV",UserTeam4,398.0,36.18,5.0,8.0,11.0,27.55,14.36,0.464,8.0,2.09,1.73,0.0,0.27,1.27,5.0,1.18,4.55,10.09,32.0,2.91,56.0,5.09,303.0,158.0,88.0,23.0,19.0,0.0,13.0,50.0,111.0,3.0,14.0,55.0,73.0,6.64,6.0,Central Michigan,jess lawson,https://d2vhz6gv4pigvw.cloudfront.net/images/2025/10/2/Jess_Lawson.jpg?width=80&quality=90
2,Mari Somvichian,Loyola Marymount Lions,G,5-4,Jr.,"Oakland, CA",FreeAgent,10.0,1.11,83.0,138.5,9.0,8.11,0.67,0.25,0.22,0.22,0.33,0.0,0.22,1.0,0.0,0.44,0.22,1.33,2.0,0.22,0.0,0.0,73.0,6.0,2.0,2.0,3.0,0.0,4.0,2.0,12.0,2.0,9.0,0.0,0.0,0.0,5.0,,mari somvichian,https://d2vhz6gv4pigvw.cloudfront.net/images/2025/10/2/Mari_Somvichian.jpg?width=80&quality=90
4,Allison Clarke,Loyola Marymount Lions,G,5-11,So.,"Anaheim, CA",FreeAgent,15.0,3.75,81.5,135.5,4.0,23.0,3.0,0.19,1.0,1.75,0.75,0.0,0.5,4.25,1.0,1.25,0.75,5.25,0.0,0.0,4.0,1.0,92.0,12.0,4.0,7.0,3.0,0.0,5.0,3.0,21.0,2.0,17.0,4.0,5.0,1.25,2.0,,allison clarke,https://d2vhz6gv4pigvw.cloudfront.net/images/2025/10/2/Allison_Clarke.jpg?width=80&quality=90
5,Carly Heidger,Loyola Marymount Lions,G,6-3,Sr.,"Dacula, GA",UserTeam6,184.0,16.73,34.0,53.0,11.0,28.55,7.64,0.426,3.55,1.09,1.18,0.0,0.82,3.27,1.91,0.91,2.45,6.73,16.0,1.45,23.0,2.09,314.0,84.0,39.0,12.0,13.0,0.0,10.0,27.0,74.0,9.0,36.0,21.0,26.0,2.36,6.0,Samford,carly heidger,https://d2vhz6gv4pigvw.cloudfront.net/images/2025/10/2/Carly_Heidger.jpg?width=80&quality=90
7,Ana Milanovic,Loyola Marymount Lions,F,6-2,So.,"Belgrade, Serbia",FreeAgent,26.0,6.5,39.0,128.0,4.0,8.0,2.5,0.429,1.0,0.75,0.5,0.0,0.0,0.5,1.0,0.75,0.75,1.75,1.0,0.25,3.0,0.75,32.0,10.0,4.0,3.0,2.0,0.0,3.0,3.0,7.0,0.0,2.0,4.0,5.0,1.25,3.0,Middle Tennessee,ana milanovic,https://d2vhz6gv4pigvw.cloudfront.net/images/2025/10/2/Ana_Milanovic.jpg?width=80&quality=90
10,Lova Lagerlid,Loyola Marymount Lions,G,6-1,So.,"Stockholm, Sweden",FreeAgent,1.0,0.33,87.0,144.0,3.0,7.33,0.0,0.0,2.0,0.0,0.0,0.0,0.0,0.67,0.0,0.0,0.0,1.0,2.0,0.67,4.0,1.33,22.0,0.0,6.0,0.0,0.0,0.0,0.0,0.0,3.0,0.0,2.0,0.0,2.0,0.67,2.0,Colorado,lova lagerlid,https://d2vhz6gv4pigvw.cloudfront.net/images/2025/10/2/Lova_Lagerlid.jpg?width=80&quality=90
13,Ivana Krajina,Loyola Marymount Lions,G,5-11,Sr.,"Kastel Novi, Croatia",UserTeam5,137.0,12.45,49.0,75.0,11.0,29.09,6.18,0.469,1.91,2.27,1.09,0.09,1.09,3.09,0.73,3.0,2.18,5.82,3.0,0.27,18.0,1.64,320.0,68.0,21.0,25.0,12.0,1.0,33.0,24.0,64.0,12.0,34.0,8.0,13.0,1.18,6.0,Texas Tech,ivana krajina,https://d2vhz6gv4pigvw.cloudfront.net/images/2025/10/2/Ivana_Krajina.jpg?width=80&quality=90
22,Alia Matavao,Loyola Marymount Lions,F,6-0,Jr.,"Las Vegas, NV",FreeAgent,0.0,0.0,49.0,151.0,0.0,0.0,0.0,,0.0,0.0,0.0,0.0,0.0,0.0,0.0,0.0,0.0,0.0,0.0,0.0,0.0,0.0,0.0,0.0,0.0,0.0,0.0,0.0,0.0,0.0,0.0,0.0,0.0,0.0,0.0,0.0,0.0,BYU,alia matavao,https://d2vhz6gv4pigvw.cloudfront.net/images/2025/10/2/Ali_a_Matavao.jpg?width=80&quality=90
24,Kayla Jones,Loyola Marymount Lions,F,6-0,Jr.,"Norman, OK",FreeAgent,116.0,10.55,23.0,86.5,11.0,13.0,4.09,0.539,1.91,1.09,0.36,0.0,0.09,0.36,0.36,0.82,1.82,3.45,11.0,1.0,10.0,0.91,143.0,45.0,21.0,12.0,4.0,0.0,9.0,20.0,38.0,1.0,4.0,4.0,10.0,0.91,6.0,Grayson College,kayla jones,https://d2vhz6gv4pigvw.cloudfront.net/images/2025/10/2/Kayla_Jones.jpg?width=80&quality=90
28,Andjela Matic,Loyola Marymount Lions,G,5-9,Sr.,"Ub, Serbia",UserTeam6,251.0,22.82,19.0,31.0,11.0,32.55,9.45,0.495,3.36,3.09,1.18,0.0,1.64,4.45,1.27,2.0,3.27,8.27,3.0,0.27,34.0,3.09,358.0,104.0,37.0,34.0,13.0,0.0,22.0,36.0,91.0,18.0,49.0,14.0,22.0,2.0,6.0,Duquesne,andjela matic,https://d2vhz6gv4pigvw.cloudfront.net/images/2025/10/2/Andjela_Matic.jpg?width=80&quality=90
30,Paula Reus Piza,Loyola Marymount Lions,F,6-1,Gr.,"Palma De Mallorca, Spain",UserTeam6,62.0,12.4,35.0,110.5,5.0,13.2,4.6,0.375,4.2,1.0,0.8,0.2,0.2,0.8,1.6,1.6,1.4,4.0,6.0,1.2,15.0,3.0,66.0,23.0,21.0,5.0,4.0,1.0,8.0,7.0,20.0,1.0,4.0,8.0,10.0,2.0,3.0,New Mexico,paula reus piza,https://d2vhz6gv4pigvw.cloudfront.net/images/2025/10/2/Paula_Reus_Piza.jpg?width=80&quality=90
54,Zawadi Ogot,Loyola Marymount Lions,G,5-11,So.,"Upland, CA",FreeAgent,138.0,12.55,48.0,73.5,11.0,15.45,5.0,0.51,2.45,0.64,0.82,0.18,0.0,0.0,0.45,1.18,2.27,4.45,14.0,1.27,13.0,1.18,170.0,55.0,27.0,7.0,9.0,2.0,13.0,25.0,49.0,0.0,0.0,5.0,11.0,1.0,6.0,,zawadi ogot,https://d2vhz6gv4pigvw.cloudfront.net/images/2025/10/2/Zawadi_Ogot.jpg?width=80&quality=90
55,Maya Hernandez,Loyola Marymount Lions,F,6-0,Jr.,"San Jose, CA",UserTeam3,342.0,31.09,6.0,17.0,11.0,27.91,13.64,0.474,5.64,1.73,1.36,1.0,0.0,0.36,2.0,2.64,5.82,12.27,25.0,2.27,37.0,3.36,307.0,150.0,62.0,19.0,15.0,11.0,29.0,64.0,135.0,0.0,4.0,22.0,37.0,3.36,6.0,,maya hernandez,https://d2vhz6gv4pigvw.cloudfront.net/images/2025/10/2/Maya_Hernandez.jpg?width=80&quality=90
2,Aniya Hooker,Santa Clara Broncos,G,5-8,So.,"Lynnwood, WA",FreeAgent,234.0,18.0,22.5,34.5,13.0,24.54,5.23,0.456,2.54,1.54,1.54,0.31,0.77,2.15,0.46,0.85,2.0,5.23,11.0,0.85,22.0,1.69,319.0,68.0,33.0,20.0,20.0,4.0,11.0,26.0,68.0,10.0,28.0,6.0,10.0,0.77,10.0,,aniya hooker,https://santaclarabroncos.com/images/2025/9/18/hooker_aniyaDJR13246.JPG?width=80&quality=90
3,Kate Schat,Santa Clara Broncos,G,5-9,Fr.,"Redwood Valley, CA",FreeAgent,78.0,6.0,64.0,99.0,13.0,10.31,3.23,0.394,1.23,0.92,0.31,0.08,0.69,2.92,0.38,0.62,1.08,3.62,4.0,0.31,12.0,0.92,134.0,42.0,16.0,12.0,4.0,1.0,8.0,14.0,47.0,9.0,38.0,5.0,8.0,0.62,10.0,,kate schat,https://santaclarabroncos.com/images/2025/9/18/schat_katieDJR13224.JPG?width=80&quality=90
4,Maddy Warberg,Santa Clara Broncos,G,5-11,Fr.,"Eugene, OR",FreeAgent,0.0,0.0,91.5,151.0,0.0,0.0,0.0,,0.0,0.0,0.0,0.0,0.0,0.0,0.0,0.0,0.0,0.0,0.0,0.0,0.0,0.0,0.0,0.0,0.0,0.0,0.0,0.0,0.0,0.0,0.0,0.0,0.0,0.0,0.0,0.0,0.0,,maddy warberg,https://santaclarabroncos.com/images/2025/9/18/warberg_maddyDJR13195.JPG?width=80&quality=90
5,Sara Schmerbach,Santa Clara Broncos,G,5-11,Fr.,"South Medford, OR",FreeAgent,0.0,0.0,91.5,151.0,0.0,0.0,0.0,,0.0,0.0,0.0,0.0,0.0,0.0,0.0,0.0,0.0,0.0,0.0,0.0,0.0,0.0,0.0,0.0,0.0,0.0,0.0,0.0,0.0,0.0,0.0,0.0,0.0,0.0,0.0,0.0,0.0,,sara schmerbach,https://santaclarabroncos.com/images/2025/9/18/schimerbach_saraDJR13228.JPG?width=80&quality=90
6,Sienna Grieger,Santa Clara Broncos,G,5-9,Fr.,"West Adelaide, Australia",FreeAgent,49.0,6.12,71.0,115.0,8.0,6.25,2.25,0.5,1.25,0.75,0.0,0.0,0.38,1.5,0.12,0.25,0.88,2.12,3.0,0.38,7.0,0.88,50.0,18.0,10.0,6.0,0.0,0.0,2.0,7.0,17.0,3.0,12.0,1.0,1.0,0.12,8.0,,sienna grieger,https://santaclarabroncos.com/images/2025/9/18/grieger_siennaDJR13186.JPG?width=80&quality=90
9,Maia Jones,Santa Clara Broncos,G,5-10,R-Jr.,"Tasman, New Zealand",UserTeam2,406.0,31.23,3.0,6.0,13.0,24.38,14.54,0.514,4.31,2.62,1.46,0.31,2.23,6.08,3.08,2.23,4.62,11.15,20.0,1.54,36.0,2.77,317.0,189.0,56.0,34.0,19.0,4.0,29.0,60.0,145.0,29.0,79.0,40.0,47.0,3.62,10.0,,maia jones,https://santaclarabroncos.com/images/2025/9/18/jones_maiaDJR13254.JPG?width=80&quality=90
10,Lauren Grover,Santa Clara Broncos,F,6-1,Sr.,"Corona, CA",FreeAgent,37.0,6.17,36.0,120.0,6.0,4.5,1.67,0.556,1.33,0.5,0.17,0.0,0.0,0.0,0.0,0.33,0.83,1.5,3.0,0.5,5.0,0.83,27.0,10.0,8.0,3.0,1.0,0.0,2.0,5.0,9.0,0.0,0.0,0.0,0.0,0.0,6.0,,lauren grover,https://santaclarabroncos.com/images/2025/9/18/grover_laurenDJR13261.JPG?width=80&quality=90
11,Alana Goodchild,Santa Clara Broncos,F,6-2,Sr.,"Sydney, Australia",FreeAgent,10.0,1.43,45.5,138.5,7.0,4.14,1.14,0.222,1.14,0.0,0.0,0.0,0.0,0.71,0.57,0.14,0.29,1.29,5.0,0.71,3.0,0.43,29.0,8.0,8.0,0.0,0.0,0.0,1.0,2.0,9.0,0.0,5.0,4.0,8.0,1.14,7.0,,alana goodchild,https://santaclarabroncos.com/images/2025/9/18/goodchild_alannaDJR13217.JPG?width=80&quality=90
12,Sophie Glancey,Santa Clara Broncos,F,6-2,Gr.,"Boise, ID",UserTeam3,489.0,40.75,2.0,2.0,12.0,26.83,15.58,0.49,8.0,0.67,0.83,2.58,0.42,2.08,3.67,1.08,5.75,12.17,35.0,2.92,61.0,5.08,322.0,187.0,96.0,8.0,10.0,31.0,13.0,69.0,146.0,5.0,25.0,44.0,53.0,4.42,9.0,,sophie glancey,https://santaclarabroncos.com/images/2025/9/18/glancey_sophieDJR13209_dcKrR.JPG?width=80&quality=90
13,Ava Schmidt,Santa Clara Broncos,F,6-2,Jr.,"Sammamish, WA",UserTeam5,369.0,30.75,5.0,12.5,12.0,24.58,11.08,0.508,5.0,0.83,1.33,2.17,2.17,5.83,0.92,1.0,4.0,10.0,15.0,1.25,45.0,3.75,295.0,133.0,60.0,10.0,16.0,26.0,12.0,48.0,120.0,26.0,70.0,11.0,17.0,1.42,9.0,,ava schmidt,https://santaclarabroncos.com/images/2025/9/18/schmidt_avaDJR13235.JPG?width=80&quality=90
20,Delainey Miller,Santa Clara Broncos,G,5-10,Fr.,"Aurora, CO",FreeAgent,252.0,19.38,18.0,30.0,13.0,16.23,5.69,0.405,5.31,1.92,0.85,0.77,0.08,0.92,1.77,1.38,1.92,4.85,24.0,1.85,45.0,3.46,211.0,74.0,69.0,25.0,11.0,10.0,18.0,25.0,63.0,1.0,12.0,23.0,40.0,3.08,10.0,,delainey miller,https://santaclarabroncos.com/images/2025/9/18/miller_delaneyDJR13189.JPG?width=80&quality=90
23,Ashley Hawkins,Santa Clara Broncos,G,5-6,Gr.,"Long Beach, CA",UserTeam2,442.0,34.0,1.0,3.0,13.0,29.69,11.31,0.442,3.85,5.92,1.38,0.0,1.31,4.31,2.46,2.08,3.77,10.0,7.0,0.54,43.0,3.31,386.0,147.0,50.0,77.0,18.0,0.0,27.0,49.0,130.0,17.0,56.0,32.0,42.0,3.23,10.0,,ashley hawkins,https://santaclarabroncos.com/images/2025/9/18/hawkins_ashleyDJR13268.JPG?width=80&quality=90
24,Reilly Clark,Santa Clara Broncos,G,5-10,R-So.,"Tucson, AZ",FreeAgent,0.0,0.0,91.5,151.0,0.0,0.0,0.0,,0.0,0.0,0.0,0.0,0.0,0.0,0.0,0.0,0.0,0.0,0.0,0.0,0.0,0.0,0.0,0.0,0.0,0.0,0.0,0.0,0.0,0.0,0.0,0.0,0.0,0.0,0.0,0.0,0.0,,reilly clark,https://santaclarabroncos.com/images/2025/9/18/clark_reillyDJR13192.JPG?width=80&quality=90
30,Kylee Fox,Santa Clara Broncos,F,5-11,Jr.,"Richland, WA",UserTeam2,316.0,24.31,7.0,19.0,13.0,25.23,10.38,0.55,4.08,1.15,0.77,0.31,1.69,4.31,1.0,0.62,3.85,8.54,18.0,1.38,35.0,2.69,328.0,135.0,53.0,15.0,10.0,4.0,8.0,50.0,111.0,22.0,56.0,13.0,15.0,1.15,10.0,,kylee fox,https://santaclarabroncos.com/images/2025/9/18/fox_kyleeDJR13231_lFMvf.JPG?width=80&quality=90
34,Tyler Gildersleeve-Stiles,Santa Clara Broncos,F,6-1,Fr.,"Snohomish, WA",UserTeam1,220.0,16.92,12.0,41.0,13.0,14.0,4.38,0.44,4.85,1.15,0.69,0.46,0.08,0.31,0.46,0.62,1.92,4.46,25.0,1.92,38.0,2.92,182.0,57.0,63.0,15.0,9.0,6.0,8.0,25.0,58.0,1.0,4.0,6.0,12.0,0.92,10.0,,tyler gildersleeve-stiles,https://images.sidearmdev.com/resize?url=https%3a%2f%2fdbukjj6eu5tsf.cloudfront.net%2fsidearm.sites%2fsantaclara.sidearmsports.com%2fimages%2f2025%2f9%2f18%2fgildersleevestiles_tylerDJR13266_mSdFb.JPG&width=80&type=webp&quality=90
0,Jada Hunter,Saint Mary's Gaels,G,5-10,Jr.,"Vallejo, CA",FreeAgent,216.0,16.62,28.0,43.0,13.0,24.31,5.54,0.364,3.0,2.38,1.85,0.23,0.31,1.0,1.85,2.77,1.69,5.08,7.0,0.54,32.0,2.46,316.0,72.0,39.0,31.0,24.0,3.0,36.0,22.0,66.0,4.0,13.0,24.0,33.0,2.54,9.0,Laney College,jada hunter,https://duq7p5k7s6jsa.cloudfront.net/images/2024/10/5/Jada_Hunter.png?width=80&quality=90
2,Amy Kurkowski,Saint Mary's Gaels,G,6-1,So.,"Melbourne, Australia",UserTeam3,116.0,8.92,56.0,86.5,13.0,12.62,2.85,0.483,1.92,0.85,0.38,0.31,0.54,1.62,0.62,0.69,0.85,2.31,11.0,0.85,14.0,1.08,164.0,37.0,25.0,11.0,5.0,4.0,9.0,11.0,30.0,7.0,21.0,8.0,9.0,0.69,9.0,,amy kurkowski,https://duq7p5k7s6jsa.cloudfront.net/images/2024/10/5/Amy_Kurkowski.png?width=80&quality=90
3,Mauriana Hashemian-Orr,Saint Mary's Gaels,G,5-7,So.,"Portland, OR",FreeAgent,229.0,17.62,25.0,37.0,13.0,20.0,5.85,0.547,2.46,2.46,1.38,0.23,0.0,0.31,1.38,2.69,2.23,4.08,7.0,0.54,25.0,1.92,260.0,76.0,32.0,32.0,18.0,3.0,35.0,29.0,53.0,0.0,4.0,18.0,26.0,2.0,9.0,,mauriana hashemian-orr,https://duq7p5k7s6jsa.cloudfront.net/images/2024/10/17/MHO.jpg?width=80&quality=90
4,Charlece Ohiaeri,Saint Mary's Gaels,G,6-1,Jr.,"Las Vegas, NV",FreeAgent,71.0,5.46,66.0,104.5,13.0,12.0,2.38,0.322,1.85,0.38,0.62,0.08,0.08,1.15,0.15,0.62,1.08,3.46,9.0,0.69,15.0,1.15,156.0,31.0,24.0,5.0,8.0,1.0,8.0,14.0,45.0,1.0,15.0,2.0,6.0,0.46,9.0,Depaul,charlece ohiaeri,https://duq7p5k7s6jsa.cloudfront.net/images/2025/7/8/Charlece_Ohiaeri_Summer_Headshot.png?width=80&quality=90
5,Abigail Shoff,Saint Mary's Gaels,F,6-0,Jr.,"Redding, CA",FreeAgent,138.0,10.62,18.0,73.5,13.0,19.62,5.85,0.43,3.0,0.69,0.38,0.08,0.62,2.23,0.62,1.15,2.31,6.08,11.0,0.85,28.0,2.15,255.0,76.0,39.0,9.0,5.0,1.0,15.0,30.0,79.0,8.0,29.0,8.0,11.0,0.85,9.0,Long Beach State,abigail shoff,https://duq7p5k7s6jsa.cloudfront.net/images/2024/10/5/Abigail_Shoff.png?width=80&quality=90
7,Edie Clarke,Saint Mary's Gaels,F,6-4,So.,"Melbourne, Australia",UserTeam5,375.0,28.85,4.0,10.0,13.0,24.15,7.46,0.621,5.15,1.69,2.69,1.15,0.08,0.46,0.77,2.85,3.31,5.38,26.0,2.0,41.0,3.15,314.0,97.0,67.0,22.0,35.0,15.0,37.0,43.0,70.0,1.0,6.0,10.0,17.0,1.31,9.0,,edie clarke,https://duq7p5k7s6jsa.cloudfront.net/images/2024/10/5/Edie_Clarke.png?width=80&quality=90
8,Emily Foy,Saint Mary's Gaels,G,6-1,Jr.,"Newcastle, Australia",FreeAgent,170.0,13.08,40.0,60.0,13.0,20.77,7.0,0.525,2.69,1.23,0.23,0.08,0.69,2.38,0.46,1.54,2.92,6.23,9.0,0.69,26.0,2.0,270.0,91.0,35.0,16.0,3.0,1.0,20.0,38.0,81.0,9.0,31.0,6.0,10.0,0.77,9.0,,emily foy,https://duq7p5k7s6jsa.cloudfront.net/images/2024/10/5/Emily_Foy.png?width=80&quality=90
10,Georgia Grigoropoulou,Saint Mary's Gaels,F,6-3,Sr.,"Athens, Greece",FreeAgent,83.0,6.38,26.0,97.5,13.0,7.54,3.08,0.517,1.85,0.31,0.31,0.08,0.0,0.0,0.77,1.0,1.15,2.23,7.0,0.54,17.0,1.31,98.0,40.0,24.0,4.0,4.0,1.0,13.0,15.0,29.0,0.0,0.0,10.0,17.0,1.31,9.0,Santa Clara,georgia grigoropoulou,https://duq7p5k7s6jsa.cloudfront.net/images/2025/7/8/Georgia_Grigoropoulou_Summer_Headshot.png?width=80&quality=90
11,Coco Urlacher,Saint Mary's Gaels,G,5-10,Fr.,"Palatine, IL",FreeAgent,-5.0,-1.0,98.5,160.5,5.0,5.2,0.0,0.0,0.8,0.0,0.2,0.0,0.0,1.0,0.0,0.4,0.0,1.0,3.0,0.6,1.0,0.2,26.0,0.0,4.0,0.0,1.0,0.0,2.0,0.0,5.0,0.0,5.0,0.0,0.0,0.0,3.0,,coco urlacher,https://duq7p5k7s6jsa.cloudfront.net/images/2025/7/8/Coco_Urlacher_Summer_Headshot.png?width=80&quality=90
13,Malia Latu,Saint Mary's Gaels,G,5-8,Gr.,"East Palo Alto, CA",UserTeam6,167.0,12.85,41.0,61.0,13.0,22.38,5.77,0.375,2.62,2.15,0.92,0.08,0.15,0.54,1.15,2.77,2.23,6.15,13.0,1.0,21.0,1.62,291.0,75.0,34.0,28.0,12.0,1.0,36.0,29.0,80.0,2.0,7.0,15.0,18.0,1.38,9.0,Santa Clara,malia latu,https://duq7p5k7s6jsa.cloudfront.net/images/2025/7/8/Malia_Latu_Summer_Headshot.png?width=80&quality=90
22,Melesungu Afeaki,Saint Mary's Gaels,F,6-2,Sr.,"San Bruno, CA",FreeAgent,77.0,5.92,27.5,100.5,13.0,8.92,2.38,0.423,1.38,0.54,0.0,0.15,0.0,0.0,0.69,0.62,0.85,2.0,7.0,0.54,11.0,0.85,116.0,31.0,18.0,7.0,0.0,2.0,8.0,11.0,26.0,0.0,0.0,9.0,10.0,0.77,9.0,University of San Diego,melesungu afeaki,https://duq7p5k7s6jsa.cloudfront.net/images/2024/10/5/Melesungu_Afeaki.png?width=80&quality=90
23,Addi Wedin,Saint Mary's Gaels,G,5-10,R-Jr.,"Happy Valley, OR",FreeAgent,230.0,17.69,24.0,36.0,13.0,23.54,8.85,0.575,2.85,0.77,1.0,0.15,1.23,2.77,1.77,1.85,2.92,6.15,11.0,0.85,26.0,2.0,306.0,115.0,37.0,10.0,13.0,2.0,24.0,38.0,80.0,16.0,36.0,23.0,26.0,2.0,9.0,,addi wedin,https://duq7p5k7s6jsa.cloudfront.net/images/2024/10/17/AW.jpg?width=80&quality=90
24,Colleena Bryant,Saint Mary's Gaels,G,5-7,Fr.,"Detroit, MI",FreeAgent,0.0,0.0,91.5,151.0,0.0,0.0,0.0,,0.0,0.0,0.0,0.0,0.0,0.0,0.0,0.0,0.0,0.0,0.0,0.0,0.0,0.0,0.0,0.0,0.0,0.0,0.0,0.0,0.0,0.0,0.0,0.0,0.0,0.0,0.0,0.0,0.0,,colleena bryant,https://duq7p5k7s6jsa.cloudfront.net/images/2025/7/8/Colleena_Bryant_Summer_Headshot.png?width=80&quality=90
33,Ella Wedin,Saint Mary's Gaels,G,6-1,R-So.,"Happy Valley, OR",FreeAgent,52.0,5.2,70.0,114.0,10.0,7.8,2.9,0.518,0.6,0.3,0.3,0.0,0.9,2.5,0.0,0.4,1.0,2.8,2.0,0.2,4.0,0.4,78.0,29.0,6.0,3.0,3.0,0.0,4.0,10.0,28.0,9.0,25.0,0.0,0.0,0.0,8.0,LMU,ella wedin,https://duq7p5k7s6jsa.cloudfront.net/images/2024/10/5/Ella_Wedin.png?width=80&quality=90
2,Mali Ennis,Pacific Tigers,G,5-10,Sr.,"Burlingame, CA",FreeAgent,28.0,7.0,78.0,125.0,4.0,7.0,3.75,0.5,1.0,0.5,0.25,0.0,0.75,2.0,0.0,0.5,1.5,3.75,3.0,0.75,1.0,0.25,28.0,15.0,4.0,2.0,1.0,0.0,2.0,6.0,15.0,3.0,8.0,0.0,0.0,0.0,2.0,Saint Mary's College,mali ennis,https://pacifictigers.com/images/2025/10/20/Mali_Ennis.png?width=80&quality=90
3,Hannah Burg,Pacific Tigers,G,5-6,Sr.,"Colorado Springs, CO",FreeAgent,45.0,5.0,72.0,116.0,9.0,6.22,1.22,0.375,1.44,1.11,0.44,0.0,0.11,0.67,0.22,1.11,0.44,1.33,3.0,0.33,10.0,1.11,56.0,11.0,13.0,10.0,4.0,0.0,10.0,4.0,12.0,1.0,6.0,2.0,2.0,0.22,4.0,Augustana (SD),hannah burg,https://pacifictigers.com/images/2025/10/20/Hannah_Burg.png?width=80&quality=90
5,Stella Szabo,Pacific Tigers,G,5-11,R-So.,"Stockholm, Sweden",UserTeam2,124.0,11.27,51.0,78.0,11.0,20.82,4.36,0.551,2.36,1.18,0.73,0.09,1.0,2.27,0.45,1.36,1.45,3.55,8.0,0.73,18.0,1.64,229.0,48.0,26.0,13.0,8.0,1.0,15.0,16.0,39.0,11.0,25.0,5.0,8.0,0.73,5.0,Luleaa Gymnasieskola,stella szabo,https://pacifictigers.com/images/2025/10/20/Stella_Szabo.png?width=80&quality=90
7,Liv Yergensen,Pacific Tigers,G,5-11,Fr.,"El Dorado Hills, CA",FreeAgent,62.0,6.2,67.0,110.5,10.0,21.6,4.8,0.324,2.2,1.4,0.3,0.3,0.5,2.7,1.5,2.3,1.4,5.1,5.0,0.5,17.0,1.7,216.0,48.0,22.0,14.0,3.0,3.0,23.0,14.0,51.0,5.0,27.0,15.0,18.0,1.8,5.0,Oak Ridge HS,liv yergensen,https://pacifictigers.com/images/2025/10/20/Liv_Yergensen.png?width=80&quality=90
8,Sophia Mindermann,Pacific Tigers,G,5-10,Fr.,"Folsom, CA",FreeAgent,119.0,10.82,55.0,83.0,11.0,17.18,6.64,0.5,1.45,0.82,0.82,0.0,1.82,5.27,0.27,1.09,2.27,6.36,2.0,0.18,14.0,1.27,189.0,73.0,16.0,9.0,9.0,0.0,12.0,25.0,70.0,20.0,58.0,3.0,5.0,0.45,5.0,Folsom HS,sophia mindermann,https://pacifictigers.com/images/2025/10/20/Sophia_Mindermann.png?width=80&quality=90
9,Marina Radocaj,Pacific Tigers,G/F,6-3,Jr.,"Richmond, Canada",FreeAgent,145.0,13.18,3.0,71.0,11.0,18.64,3.45,0.514,4.91,1.18,0.55,1.27,0.0,0.09,0.18,2.73,1.64,3.18,16.0,1.45,38.0,3.45,205.0,38.0,54.0,13.0,6.0,14.0,30.0,18.0,35.0,0.0,1.0,2.0,7.0,0.64,5.0,Arizona State / R.A. McMath Secondary School,marina radocaj,https://pacifictigers.com/images/2025/10/20/Marina_Radocaj.png?width=80&quality=90
10,Sydney Ward,Pacific Tigers,G/F,6-0,Sr.,"Houston, TX",UserTeam4,309.0,28.09,1.0,21.5,11.0,24.82,10.18,0.533,4.91,1.64,1.18,1.45,0.64,2.0,2.82,2.18,3.36,6.91,21.0,1.91,33.0,3.0,273.0,112.0,54.0,18.0,13.0,16.0,24.0,37.0,76.0,7.0,22.0,31.0,36.0,3.27,5.0,The Village,sydney ward,https://pacifictigers.com/images/2025/10/20/Sydney_Ward.png?width=80&quality=90
11,Luisa Anderegg,Pacific Tigers,F,6-2,Sr.,"Cologne, Germany",UserTeam4,118.0,10.73,21.0,84.0,11.0,12.18,4.91,0.5,2.09,0.82,0.27,0.18,0.91,2.55,1.09,0.64,1.45,3.82,9.0,0.82,14.0,1.27,134.0,54.0,23.0,9.0,3.0,2.0,7.0,16.0,42.0,10.0,28.0,12.0,13.0,1.18,5.0,Midland College,luisa anderegg,https://pacifictigers.com/images/2025/10/20/Luisa_Anderegg.png?width=80&quality=90
15,Nyah Lowery,Pacific Tigers,G,5-11,Jr.,"Sacramento, CA",FreeAgent,181.0,16.45,35.0,55.0,11.0,19.18,7.27,0.585,3.36,1.09,1.0,0.18,1.27,3.09,0.36,1.82,2.82,5.91,8.0,0.73,29.0,2.64,211.0,80.0,37.0,12.0,11.0,2.0,20.0,31.0,65.0,14.0,34.0,4.0,6.0,0.55,5.0,Saint Mary's,nyah lowery,https://pacifictigers.com/images/2025/10/20/Nyah_Lowery.png?width=80&quality=90
21,Daria Nestorov,Pacific Tigers,G,5-4,So.,"Zrenjanin, Serbia",UserTeam6,294.0,26.73,16.0,26.0,11.0,29.64,9.64,0.466,2.73,4.91,1.36,0.09,1.36,4.0,1.0,2.82,3.64,9.27,3.0,0.27,27.0,2.45,326.0,106.0,30.0,54.0,15.0,1.0,31.0,40.0,102.0,15.0,44.0,11.0,14.0,1.27,5.0,Gymnasium Kraljevo,daria nestorov,https://pacifictigers.com/images/2025/10/20/Daria_Nestorov.png?width=80&quality=90
23,Kenlee Durrill,Pacific Tigers,G,5-10,R-So.,"Denver, CO",FreeAgent,2.0,0.67,86.0,143.0,3.0,7.67,0.67,0.0,1.0,1.0,0.0,0.0,0.0,1.33,0.67,0.67,0.0,2.0,0.0,0.0,3.0,1.0,23.0,2.0,3.0,3.0,0.0,0.0,2.0,0.0,6.0,0.0,4.0,2.0,2.0,0.67,2.0,Flat Irons,kenlee durrill,https://pacifictigers.com/images/2025/10/20/Kenlee_Durrill.png?width=80&quality=90
24,LaMiracle Lebon,Pacific Tigers,F,6-3,Fr.,"Columbus, MS",UserTeam3,25.0,8.33,40.0,129.0,3.0,12.33,1.67,0.2,2.67,0.67,0.67,0.33,0.0,0.0,1.0,0.67,0.33,1.67,6.0,2.0,2.0,0.67,37.0,5.0,8.0,2.0,2.0,1.0,2.0,1.0,5.0,0.0,0.0,3.0,4.0,1.33,2.0,Vanden HS,lamiracle lebon,https://pacifictigers.com/images/2025/10/20/LaMiracle_Lebon.png?width=80&quality=90
25,Winner Bartholomew,Pacific Tigers,F,6-1,So.,"Abuja, Nigeria",FreeAgent,295.0,26.82,8.0,25.0,11.0,23.45,13.09,0.488,5.73,1.09,0.82,0.0,0.09,0.09,2.45,1.64,5.27,10.91,25.0,2.27,38.0,3.45,258.0,144.0,63.0,12.0,9.0,0.0,18.0,58.0,120.0,1.0,1.0,27.0,37.0,3.36,5.0,Rider,winner bartholomew,https://pacifictigers.com/images/2025/10/20/Winner_Bartholomew.png?width=80&quality=90
32,Tyla Fautua,Pacific Tigers,F,6-0,So.,"Brisbane, Australia",FreeAgent,10.0,3.33,45.5,138.5,3.0,5.0,0.0,0.0,1.33,0.33,0.33,0.0,0.0,0.0,0.0,0.0,0.0,1.0,0.0,0.0,4.0,1.33,15.0,0.0,4.0,1.0,1.0,0.0,0.0,0.0,3.0,0.0,0.0,0.0,0.0,0.0,3.0,Southern Districts Spartans,tyla fautua,https://pacifictigers.com/images/2025/10/20/Tyla_Fautua.png?width=80&quality=90
2,Mara Neira,San Francisco Dons,G,5-9,Gr.,"Baiona, Spain",UserTeam6,177.0,16.09,37.0,57.0,11.0,19.45,6.55,0.399,4.18,1.73,1.64,0.0,1.55,5.45,0.45,1.55,2.27,7.64,4.0,0.36,42.0,3.82,214.0,72.0,46.0,19.0,18.0,0.0,17.0,25.0,84.0,17.0,60.0,5.0,5.0,0.45,7.0,Presbyterian/Appalachian State,mara neira,https://drtye9aslmeh1.cloudfront.net/images/2025/10/14/2_Mara_Neira_Headshot.jpg?width=80&quality=90
3,Noelia Mourino,San Francisco Dons,F,6-2,Fr.,"O Porrino, Spain",FreeAgent,0.0,0.0,49.0,151.0,0.0,0.0,0.0,,0.0,0.0,0.0,0.0,0.0,0.0,0.0,0.0,0.0,0.0,0.0,0.0,0.0,0.0,0.0,0.0,0.0,0.0,0.0,0.0,0.0,0.0,0.0,0.0,0.0,0.0,0.0,0.0,0.0,Segle XXI Barcelona,noelia mourino,https://drtye9aslmeh1.cloudfront.net/images/2025/10/14/3_Noelia_Mourino_Headshot.jpg?width=80&quality=90
4,Meghan McIntyre,San Francisco Dons,G,5-6,Gr.,"Garden Grove, Calif.",UserTeam6,209.0,19.0,30.0,47.0,11.0,22.0,6.0,0.518,4.0,2.36,1.18,0.0,0.64,2.09,0.82,1.64,2.27,5.0,9.0,0.82,35.0,3.18,242.0,66.0,44.0,26.0,13.0,0.0,18.0,25.0,55.0,7.0,23.0,9.0,15.0,1.36,7.0,Southern Oregon/Orange Coast CC/Golden West CC,meghan mcintyre,https://drtye9aslmeh1.cloudfront.net/images/2025/10/14/4_Meghan_McIntyre_Headshot.jpg?width=80&quality=90
7,Nevaeh Ferrara Horne,San Francisco Dons,F,6-2,Jr.,"Regina, Saskatchewan, Canada",FreeAgent,67.0,6.09,33.5,108.5,11.0,11.09,2.64,0.522,2.09,0.18,0.36,0.27,0.18,0.36,0.45,1.27,1.0,2.09,7.0,0.64,16.0,1.45,122.0,29.0,23.0,2.0,4.0,3.0,14.0,11.0,23.0,2.0,4.0,5.0,7.0,0.64,7.0,North Dakota,nevaeh ferrara horne,https://drtye9aslmeh1.cloudfront.net/images/2025/10/14/7_Nevaeh_Ferrera_Horne_Headshot.jpg?width=80&quality=90
9,Aina Cargol,San Francisco Dons,G,5-9,Fr.,"Olot, Spain",UserTeam6,256.0,23.27,17.0,29.0,11.0,27.91,8.36,0.536,2.73,4.09,1.0,0.18,1.18,2.91,1.55,2.73,2.82,6.36,6.0,0.55,24.0,2.18,307.0,92.0,30.0,45.0,11.0,2.0,30.0,31.0,70.0,13.0,32.0,17.0,24.0,2.18,7.0,Spar Girona,aina cargol,https://drtye9aslmeh1.cloudfront.net/images/2025/10/14/9_Aina_Cargol_Headshot.jpg?width=80&quality=90
10,Amy Pateman,San Francisco Dons,G,5-8,Fr.,"Auckland, New Zealand",FreeAgent,27.0,3.86,79.5,126.5,7.0,7.0,1.86,0.429,0.71,0.43,0.29,0.0,0.29,1.29,0.14,0.43,0.71,2.0,1.0,0.14,4.0,0.57,49.0,13.0,5.0,3.0,2.0,0.0,3.0,5.0,14.0,2.0,9.0,1.0,2.0,0.29,3.0,Westlake Girls High School,amy pateman,https://drtye9aslmeh1.cloudfront.net/images/2025/10/14/10_Amy_Pateman_Headshot.jpg?width=80&quality=90
12,Natasa Tausova,San Francisco Dons,F,6-3,Fr.,"Poprad, Slovakia",FreeAgent,108.0,9.82,24.0,91.0,11.0,21.82,5.73,0.384,3.27,0.91,1.18,0.18,0.73,3.55,0.64,2.09,2.18,6.64,11.0,1.0,25.0,2.27,240.0,63.0,36.0,10.0,13.0,2.0,23.0,24.0,73.0,8.0,39.0,7.0,14.0,1.27,7.0,Piestanske Cajky,natasa tausova,https://drtye9aslmeh1.cloudfront.net/images/2025/10/14/12_Natasa_Tausova_Headshot.jpg?width=80&quality=90
14,Michelle Ugwah,San Francisco Dons,F,6-1,R-So.,"Cork, Ireland",UserTeam3,67.0,13.4,33.5,108.5,5.0,15.8,4.2,0.37,3.0,1.2,1.0,0.8,0.0,0.0,0.2,1.8,2.0,5.4,3.0,0.6,12.0,2.4,79.0,21.0,15.0,6.0,5.0,4.0,9.0,10.0,27.0,0.0,0.0,1.0,3.0,0.6,3.0,Morehead State,michelle ugwah,https://drtye9aslmeh1.cloudfront.net/images/2025/10/14/14_Michelle_Ugwah_Headshot.jpg?width=80&quality=90
21,Olivia Williams,San Francisco Dons,G,6-1,R-Sr.,"South San Francisco, Calif.",FreeAgent,61.0,12.2,68.0,112.0,5.0,11.8,4.4,0.361,2.2,0.4,0.6,0.8,0.2,0.8,1.8,0.6,1.2,3.6,3.0,0.6,8.0,1.6,59.0,22.0,11.0,2.0,3.0,4.0,3.0,6.0,18.0,1.0,4.0,9.0,10.0,2.0,3.0,UC Irvine,olivia williams,https://drtye9aslmeh1.cloudfront.net/images/2025/10/14/21_Olivia_Williams_Headshot.jpg?width=80&quality=90
22,Paula Tirado,San Francisco Dons,G,5-7,R-So.,"Mataro, Spain",UserTeam5,150.0,13.64,46.0,69.0,11.0,19.09,5.18,0.5,1.45,1.45,1.09,0.0,0.91,2.09,0.45,1.27,1.91,4.73,2.0,0.18,14.0,1.27,210.0,57.0,16.0,16.0,12.0,0.0,14.0,21.0,52.0,10.0,23.0,5.0,7.0,0.64,7.0,IES Damia Campeny,paula tirado,https://drtye9aslmeh1.cloudfront.net/images/2025/10/14/22_Paula_Tirado_Headshot.jpg?width=80&quality=90
23,Candy Edokpaigbe,San Francisco Dons,G,6-0,So.,"Naples, Italy",UserTeam4,382.0,34.73,6.0,9.0,11.0,29.91,16.73,0.525,5.0,1.73,1.64,0.91,0.64,2.91,3.18,3.0,6.45,12.91,25.0,2.27,30.0,2.73,329.0,184.0,55.0,19.0,18.0,10.0,33.0,71.0,142.0,7.0,32.0,35.0,46.0,4.18,7.0,Seattle U,candy edokpaigbe,https://drtye9aslmeh1.cloudfront.net/images/2025/10/14/23_Candy_Edkopaigbe_Headshot.jpg?width=80&quality=90
24,Sol Castro,San Francisco Dons,F,6-1,Gr.,"Rio Colorado, Argentina",FreeAgent,71.0,11.83,30.0,104.5,6.0,12.5,6.67,0.438,4.17,0.67,0.0,0.33,0.0,0.0,2.0,1.67,2.33,5.33,12.0,2.0,13.0,2.17,75.0,40.0,25.0,4.0,0.0,2.0,10.0,14.0,32.0,0.0,0.0,12.0,19.0,3.17,4.0,Robert Morris,sol castro,https://drtye9aslmeh1.cloudfront.net/images/2025/10/14/24_Sol_Castro_Headshot.jpg?width=80&quality=90
32,Sophia Priestley,San Francisco Dons,F,6-2,Fr.,"Oslo, Norway",UserTeam1,36.0,4.5,37.0,121.0,8.0,5.75,1.12,0.6,1.25,0.38,0.12,0.0,0.0,0.12,0.38,0.12,0.38,0.62,1.0,0.12,9.0,1.12,46.0,9.0,10.0,3.0,1.0,0.0,1.0,3.0,5.0,0.0,1.0,3.0,4.0,0.5,4.0,Ullern IF Oslo,sophia priestley,https://drtye9aslmeh1.cloudfront.net/images/2025/10/14/32_Sophia_Priestley_Headshot.jpg?width=80&quality=90
1,Malvina Haziri,Washington State Cougars,G,5-9,Fr.,"Vushtrria, Kosovo",FreeAgent,40.0,3.33,75.0,119.0,12.0,14.92,2.58,0.323,1.17,1.0,0.42,0.0,0.75,3.25,0.0,0.92,0.92,4.0,4.0,0.33,10.0,0.83,179.0,31.0,14.0,12.0,5.0,0.0,11.0,11.0,48.0,9.0,39.0,0.0,0.0,0.0,1.0,KBF Prishtina,malvina haziri,https://d1gp0cqcpext3x.cloudfront.net/images/2025/10/9/Haziri__Malvina.png?width=80&quality=90
2,Eleonora Villa,Washington State Cougars,G,5-8,Jr.,"Lissone, Italy",UserTeam4,401.0,30.85,4.0,7.0,13.0,34.23,17.15,0.538,1.85,2.92,1.0,0.31,1.54,5.0,2.08,2.85,6.77,14.0,3.0,0.23,21.0,1.62,445.0,223.0,24.0,38.0,13.0,4.0,37.0,88.0,182.0,20.0,65.0,27.0,35.0,2.69,1.0,Costa Masnaga,eleonora villa,https://d1gp0cqcpext3x.cloudfront.net/images/2025/10/9/Villa__Eleonora.png?width=80&quality=90
5,Jean Chiu,Washington State Cougars,G,5-7,Sr.,"Taipei, Taiwan",FreeAgent,5.0,0.38,85.0,142.0,13.0,6.23,0.38,0.333,0.15,0.23,0.15,0.0,0.0,0.23,0.08,0.46,0.15,0.46,0.0,0.0,2.0,0.15,81.0,5.0,2.0,3.0,2.0,0.0,6.0,2.0,6.0,0.0,3.0,1.0,2.0,0.15,1.0,University of Taipei,jean chiu,https://d1gp0cqcpext3x.cloudfront.net/images/2025/10/9/Chiu__Jean.png?width=80&quality=90
6,Tahara Magassa,Washington State Cougars,F,6-4,Fr.,"Paris, France",FreeAgent,0.0,0.0,49.0,151.0,0.0,0.0,0.0,,0.0,0.0,0.0,0.0,0.0,0.0,0.0,0.0,0.0,0.0,0.0,0.0,0.0,0.0,0.0,0.0,0.0,0.0,0.0,0.0,0.0,0.0,0.0,0.0,0.0,0.0,0.0,0.0,0.0,Saint-Amand Hainut,tahara magassa,https://dxbhsrqyrr690.cloudfront.net/sidearm.nextgen.sites/wsu.sidearmsports.com/images/responsive_2020/logo_main.svg
8,Mackenzie Chatfield,Washington State Cougars,G,5-9,Jr.,"Auckland, New Zealand",FreeAgent,113.0,8.69,57.0,88.0,13.0,20.85,1.85,0.242,3.08,2.08,0.77,0.08,0.0,0.08,0.62,1.92,0.62,2.54,7.0,0.54,33.0,2.54,271.0,24.0,40.0,27.0,10.0,1.0,25.0,8.0,33.0,0.0,1.0,8.0,12.0,0.92,1.0,Western Kentucky,mackenzie chatfield,https://d1gp0cqcpext3x.cloudfront.net/images/2025/10/9/Chatfield__Mackenzie.png?width=80&quality=90
9,Tanja Valancic,Washington State Cougars,F,6-0,Fr.,"Ljubljana, Slovenia",FreeAgent,117.0,9.0,22.0,85.0,13.0,20.62,3.46,0.373,3.62,1.38,1.0,0.0,0.31,1.85,0.54,1.77,1.31,3.92,13.0,1.0,34.0,2.62,268.0,45.0,47.0,18.0,13.0,0.0,23.0,17.0,51.0,4.0,24.0,7.0,12.0,0.92,1.0,Akson Ilirija,tanja valancic,https://d1gp0cqcpext3x.cloudfront.net/images/2025/10/9/Valancic__Tanja.png?width=80&quality=90
10,Charlotte Abraham,Washington State Cougars,G,6-0,So.,"Cambrai, France",FreeAgent,223.0,17.15,26.0,40.0,13.0,25.62,10.38,0.462,5.92,1.54,0.54,0.08,1.54,5.31,2.08,2.62,3.38,9.0,16.0,1.23,61.0,4.69,333.0,135.0,77.0,20.0,7.0,1.0,34.0,44.0,117.0,20.0,69.0,27.0,31.0,2.38,1.0,Lycee Marguerite de Flandre,charlotte abraham,https://d1gp0cqcpext3x.cloudfront.net/images/2025/10/9/Abraham__Charlotte.png?width=80&quality=90
12,Marta Alsina,Washington State Cougars,G,5-11,So.,"Barcelona, Spain",FreeAgent,120.0,9.23,53.5,81.5,13.0,21.23,2.62,0.322,3.15,1.69,1.08,0.31,0.23,1.69,0.38,2.08,1.0,3.46,5.0,0.38,36.0,2.77,276.0,34.0,41.0,22.0,14.0,4.0,27.0,13.0,45.0,3.0,22.0,5.0,7.0,0.54,1.0,Institut Joaquim Blume,marta alsina,https://d1gp0cqcpext3x.cloudfront.net/images/2025/10/9/Alsina__Marta.png?width=80&quality=90
15,Keandra Koorits,Washington State Cougars,G/F,6-2,R-Fr.,"Tallinn, Estonia",FreeAgent,149.0,11.46,2.0,70.0,13.0,21.85,7.46,0.368,2.92,1.0,0.69,0.23,0.69,4.15,1.23,1.23,2.77,8.46,14.0,1.08,24.0,1.85,284.0,97.0,38.0,13.0,9.0,3.0,16.0,36.0,110.0,9.0,54.0,16.0,18.0,1.38,1.0,Audentes Sports Gymnasium,keandra koorits,https://d1gp0cqcpext3x.cloudfront.net/images/2025/10/9/Koorits__Keandra.png?width=80&quality=90
25,Lauren Glazier,Washington State Cougars,F,6-4,Sr.,"North Bend, Wash.",FreeAgent,77.0,15.4,27.5,100.5,5.0,12.2,6.6,0.552,2.6,0.6,0.4,0.6,0.4,1.0,0.2,1.0,3.0,5.8,3.0,0.6,10.0,2.0,61.0,33.0,13.0,3.0,2.0,3.0,5.0,15.0,29.0,2.0,5.0,1.0,1.0,0.2,0.0,Mount Si HS,lauren glazier,https://d1gp0cqcpext3x.cloudfront.net/images/2025/10/9/Glazier__Lauren.png?width=80&quality=90
33,Alex Covill,Washington State Cougars,C,6-6,Jr.,"Missoula, Mont.",UserTeam4,10.0,5.0,6.0,138.5,2.0,20.0,4.0,0.364,4.0,1.0,0.0,1.5,0.0,0.0,0.0,4.5,2.0,5.5,5.0,2.5,3.0,1.5,40.0,8.0,8.0,2.0,0.0,3.0,9.0,4.0,11.0,0.0,0.0,0.0,0.0,0.0,0.0,Missoula Hellgate HS,alex covill,https://d1gp0cqcpext3x.cloudfront.net/images/2025/10/9/Covill__Alex.png?width=80&quality=90
55,Malia Ruud,Washington State Cougars,F,6-2,Fr.,"Pasco, Wash.",UserTeam5,285.0,21.92,10.0,28.0,13.0,27.85,10.08,0.526,3.85,1.08,0.77,0.77,1.15,2.77,0.77,1.62,4.08,8.85,24.0,1.85,26.0,2.0,362.0,131.0,50.0,14.0,10.0,10.0,21.0,53.0,115.0,15.0,36.0,10.0,17.0,1.31,1.0,Chiawana HS,malia ruud,https://d1gp0cqcpext3x.cloudfront.net/images/2025/10/9/Ruud__Malia.png?width=80&quality=90
0,Goundo Diakite Bayo,Portland Pilots,F,6-1,Fr.,"Barcelona, Spain",FreeAgent,0.0,0.0,49.0,151.0,0.0,0.0,0.0,,0.0,0.0,0.0,0.0,0.0,0.0,0.0,0.0,0.0,0.0,0.0,0.0,0.0,0.0,0.0,0.0,0.0,0.0,0.0,0.0,0.0,0.0,0.0,0.0,0.0,0.0,0.0,0.0,0.0,IES Carles Vallbona,goundo diakite bayo,https://portlandpilots.com/images/2025/10/15/Diakite_Goundoba26web.JPG?width=80&quality=90
2,Dyani Ananiev,Portland Pilots,G,6-2,R-So.,"St. Andrews, Australia",UserTeam6,353.0,32.09,11.0,16.0,11.0,23.91,10.55,0.547,3.73,2.64,3.18,0.36,1.73,4.82,1.0,2.36,3.91,8.73,11.0,1.0,30.0,2.73,263.0,116.0,41.0,29.0,35.0,4.0,26.0,43.0,96.0,19.0,53.0,11.0,12.0,1.09,6.0,Wyndham,dyani ananiev,https://portlandpilots.com/images/2025/10/15/Ananiev_Dyani26web.JPG?width=80&quality=90
3,Florence Dallow,Portland Pilots,G,6-2,R-So.,"Auckland, New Zealand",UserTeam2,234.0,21.27,22.5,34.5,11.0,19.0,9.91,0.554,4.0,1.64,0.73,0.18,0.91,2.36,2.45,2.09,3.27,6.73,16.0,1.45,28.0,2.55,209.0,109.0,44.0,18.0,8.0,2.0,23.0,36.0,74.0,10.0,26.0,27.0,30.0,2.73,6.0,Epsom Girls Grammar School,florence dallow,https://portlandpilots.com/images/2025/10/15/Dallow_Florence26web.JPG?width=80&quality=90
5,Aubrey Herrin,Portland Pilots,G,6-1,Fr.,"Kennewick, WA",FreeAgent,83.0,27.67,63.0,97.5,3.0,18.0,6.0,0.75,4.67,2.0,1.33,1.33,0.33,0.33,1.0,1.33,2.33,3.33,3.0,1.0,11.0,3.67,54.0,18.0,14.0,6.0,4.0,4.0,4.0,7.0,10.0,1.0,1.0,3.0,3.0,1.0,2.0,Kamiakin HS,aubrey herrin,https://portlandpilots.com/images/2025/10/15/Herrin_Aubrey26web.JPG?width=80&quality=90
7,Tiffany Barbosa,Portland Pilots,G,5-10,So.,"Stockholm, Sweden",FreeAgent,187.0,15.58,33.0,52.0,12.0,18.17,5.5,0.582,2.25,1.33,1.42,0.17,0.58,1.92,0.75,1.58,2.08,4.08,10.0,0.83,17.0,1.42,218.0,66.0,27.0,16.0,17.0,2.0,19.0,25.0,49.0,7.0,23.0,9.0,15.0,1.25,6.0,RIG Lulea,tiffany barbosa,https://portlandpilots.com/images/2025/10/15/Barbosa_Tiffany26web.jpg?width=80&quality=90
9,Jada Kennedy,Portland Pilots,C,6-5,Fr.,"Melbourne, Australia",FreeAgent,155.0,12.92,4.0,68.0,12.0,9.25,3.67,0.769,2.33,0.92,0.42,0.5,0.0,0.17,0.33,0.83,1.67,2.17,11.0,0.92,17.0,1.42,111.0,44.0,28.0,11.0,5.0,6.0,10.0,20.0,26.0,0.0,2.0,4.0,7.0,0.58,6.0,Siena College,jada kennedy,https://portlandpilots.com/images/2025/10/15/Kennedy_Jada26web.JPG?width=80&quality=90
10,Natalie Fraley,Portland Pilots,G,6-0,Sr.,"Kelso, WA",UserTeam2,177.0,14.75,37.0,57.0,12.0,19.83,4.92,0.418,2.08,2.0,1.0,0.25,0.58,2.08,0.67,1.17,1.83,5.08,6.0,0.5,19.0,1.58,238.0,59.0,25.0,24.0,12.0,3.0,14.0,22.0,61.0,7.0,25.0,8.0,13.0,1.08,6.0,Utah State / Kelso HS,natalie fraley,https://portlandpilots.com/images/2025/10/15/Fraley_Natalie26web.JPG?width=80&quality=90
12,Brynn Smith,Portland Pilots,G,6-0,Fr.,"Eugene, OR",FreeAgent,130.0,10.83,50.0,77.0,12.0,13.42,5.33,0.492,1.25,1.5,1.0,0.08,0.92,2.42,0.42,2.25,2.0,5.0,2.0,0.17,13.0,1.08,161.0,64.0,15.0,18.0,12.0,1.0,27.0,24.0,60.0,11.0,29.0,5.0,6.0,0.5,6.0,Willamette HS,brynn smith,https://portlandpilots.com/images/2025/10/15/Smith_Brynn26web.JPG?width=80&quality=90
14,Caitlin Monahan,Portland Pilots,G,5-10,R-Fr.,"Mercer Island, WA",FreeAgent,60.0,7.5,69.0,113.0,8.0,7.75,2.0,0.538,1.75,0.5,0.38,0.12,0.25,0.88,0.25,0.25,0.75,1.62,5.0,0.62,9.0,1.12,62.0,16.0,14.0,4.0,3.0,1.0,2.0,6.0,13.0,2.0,7.0,2.0,2.0,0.25,5.0,Mercer Island HS,caitlin monahan,https://portlandpilots.com/images/2025/10/15/Monahan_Caitlyn26web.JPG?width=80&quality=90
17,Nicole Anderson,Portland Pilots,G,5-8,Gr.,"Eastvale, CA",FreeAgent,84.0,7.0,62.0,96.0,12.0,16.08,6.0,0.412,2.17,1.0,0.25,0.08,1.25,4.75,0.92,1.67,1.92,6.17,3.0,0.25,23.0,1.92,193.0,72.0,26.0,12.0,3.0,1.0,20.0,23.0,74.0,15.0,57.0,11.0,13.0,1.08,6.0,LMU / SMU / Rosary Academy,nicole anderson,https://portlandpilots.com/images/2025/10/15/Rodriguez_Nicole26web.JPG?width=80&quality=90
20,Lainey Spear,Portland Pilots,F,6-2,Jr.,"Portland, OR",UserTeam3,292.0,24.33,9.0,27.0,12.0,21.92,8.17,0.541,4.25,2.42,1.58,0.17,0.08,0.75,1.58,1.83,3.25,6.08,15.0,1.25,36.0,3.0,263.0,98.0,51.0,29.0,19.0,2.0,22.0,39.0,73.0,1.0,9.0,19.0,36.0,3.0,6.0,Beaverton HS,lainey spear,https://portlandpilots.com/images/2025/10/15/Spear_Lainey26web.JPG?width=80&quality=90
22,Rhyan Mogel,Portland Pilots,G,5-10,Jr.,"Happy Valley, OR",UserTeam3,315.0,28.64,13.0,20.0,11.0,25.09,8.73,0.537,2.36,4.36,1.45,0.27,1.0,2.18,2.09,2.18,2.82,6.18,3.0,0.27,23.0,2.09,276.0,96.0,26.0,48.0,16.0,3.0,24.0,31.0,68.0,11.0,24.0,23.0,27.0,2.45,6.0,Clackamas HS,rhyan mogel,https://portlandpilots.com/images/2025/10/15/Mogel_Rhyan26web.JPG?width=80&quality=90
35,Camille Dake,Portland Pilots,G,6-0,Fr.,"Vista, CA",UserTeam2,0.0,0.0,91.5,151.0,0.0,0.0,0.0,,0.0,0.0,0.0,0.0,0.0,0.0,0.0,0.0,0.0,0.0,0.0,0.0,0.0,0.0,0.0,0.0,0.0,0.0,0.0,0.0,0.0,0.0,0.0,0.0,0.0,0.0,0.0,0.0,0.0,Rancho Buena Vista HS,camille dake,https://portlandpilots.com/images/2025/10/15/Dake_Camille26web.jpg?width=80&quality=90
42,Ella Zimmerman,Portland Pilots,F/C,6-4,So.,"Redondo Beach, CA",FreeAgent,93.0,7.75,1.0,95.0,12.0,9.17,3.0,0.405,2.0,0.08,0.08,0.58,0.0,0.08,0.5,0.42,1.25,3.08,9.0,0.75,15.0,1.25,110.0,36.0,24.0,1.0,1.0,7.0,5.0,15.0,37.0,0.0,1.0,6.0,8.0,0.67,6.0,Redondo Union HS,ella zimmerman,https://portlandpilots.com/images/2025/10/15/Zimmerman_Ella26web.JPG?width=80&quality=90
44,Julia Dalan,Portland Pilots,C/F,6-3,Fr.,"Centralia, WA",UserTeam5,309.0,25.75,1.0,21.5,12.0,20.17,7.58,0.407,5.33,0.42,0.25,3.33,0.0,0.25,1.42,1.33,3.08,7.58,25.0,2.08,39.0,3.25,242.0,91.0,64.0,5.0,3.0,40.0,16.0,37.0,91.0,0.0,3.0,17.0,20.0,1.67,6.0,W.F. West HS,julia dalan,https://portlandpilots.com/images/2025/10/15/Dalan_Julia26web.JPG?width=80&quality=90
0,Ysabella Von Seipler,San Diego Toreros,G,5-10,Fr.,"Rocklin, CA",FreeAgent,101.0,16.83,60.0,92.0,6.0,14.5,6.17,0.621,3.17,1.0,0.67,0.0,1.33,2.5,0.17,0.5,2.33,4.83,7.0,1.17,12.0,2.0,87.0,37.0,19.0,6.0,4.0,0.0,3.0,14.0,29.0,8.0,15.0,1.0,4.0,0.67,3.0,,ysabella von seipler,https://usdtoreros.com/images/2025/10/15/Ysabella_Von_Seipler_Head_Shot.png?width=300
1,Dresha Moore,San Diego Toreros,F,6-0,So.,"Hawthorne, CA",FreeAgent,69.0,5.75,31.5,106.5,12.0,15.5,2.58,0.333,3.67,0.58,0.25,0.42,0.17,0.67,0.25,1.75,1.08,3.5,11.0,0.92,33.0,2.75,186.0,31.0,44.0,7.0,3.0,5.0,21.0,13.0,42.0,2.0,8.0,3.0,5.0,0.42,5.0,,dresha moore,https://usdtoreros.com/images/2025/10/15/Dresha_Moore_Headshot.png?width=80&quality=90
2,Ryanne Bahnsen-Price,San Diego Toreros,F,6-0,Fr.,"Erie, CO",UserTeam1,0.0,0.0,49.0,151.0,0.0,0.0,0.0,,0.0,0.0,0.0,0.0,0.0,0.0,0.0,0.0,0.0,0.0,0.0,0.0,0.0,0.0,0.0,0.0,0.0,0.0,0.0,0.0,0.0,0.0,0.0,0.0,0.0,0.0,0.0,0.0,0.0,,ryanne bahnsen-price,https://usdtoreros.com/images/2025/10/15/Ryanne_Bahnsen-Price_Head_Shot.png?width=300
3,Lilly Amor,San Diego Toreros,G,5-11,So.,"Melbourne, Victoria, Australia",UserTeam5,109.0,8.38,59.0,90.0,13.0,19.15,3.31,0.489,1.0,1.08,0.77,0.08,0.85,2.62,0.0,0.85,1.23,3.38,1.0,0.08,12.0,0.92,249.0,43.0,13.0,14.0,10.0,1.0,11.0,16.0,44.0,11.0,34.0,0.0,2.0,0.15,6.0,,lilly amor,https://usdtoreros.com/images/2025/10/15/Ysabella_Von_Seipler_Head_Shot.png?width=80&quality=90
4,Jessica Ajayi,San Diego Toreros,G,5-10,Fr.,"Kent, WA",FreeAgent,41.0,6.83,74.0,118.0,6.0,10.67,2.17,0.261,2.0,1.33,0.67,0.17,0.33,2.17,0.17,0.67,0.83,3.83,3.0,0.5,9.0,1.5,64.0,13.0,12.0,8.0,4.0,1.0,4.0,5.0,23.0,2.0,13.0,1.0,2.0,0.33,3.0,,jessica ajayi,https://usdtoreros.com/images/2025/10/15/Jessica_Ajayi_Head_Shot.png?width=80&quality=90
5,Lauren McCall,San Diego Toreros,G,5-6,Jr.,"Boise, ID",UserTeam4,0.0,0.0,91.5,151.0,0.0,0.0,0.0,,0.0,0.0,0.0,0.0,0.0,0.0,0.0,0.0,0.0,0.0,0.0,0.0,0.0,0.0,0.0,0.0,0.0,0.0,0.0,0.0,0.0,0.0,0.0,0.0,0.0,0.0,0.0,0.0,0.0,,lauren mccall,https://usdtoreros.com/images/2025/10/15/Lauren_McCall_Head_Shot.png?width=80&quality=90
6,Kylie Ray,San Diego Toreros,G,5-8,So.,"La Crescenta, CA",UserTeam5,177.0,22.12,37.0,57.0,8.0,26.5,13.75,0.425,5.38,2.5,1.5,0.25,1.62,3.88,3.12,5.38,4.5,12.5,8.0,1.0,35.0,4.38,212.0,110.0,43.0,20.0,12.0,2.0,43.0,36.0,100.0,13.0,31.0,25.0,27.0,3.38,4.0,Utah,kylie ray,https://usdtoreros.com/images/2025/10/15/Kylie_Ray_Head_Shot.png?width=80&quality=90
10,Helen Holley,San Diego Toreros,F,6-1,So.,"Cleveland, OH",UserTeam6,122.0,9.38,20.0,80.0,13.0,20.0,2.85,0.289,4.62,0.54,1.08,0.69,0.15,0.92,0.85,1.92,0.92,3.46,29.0,2.23,31.0,2.38,260.0,37.0,60.0,7.0,14.0,9.0,25.0,12.0,45.0,2.0,12.0,11.0,21.0,1.62,6.0,Michigan State,helen holley,https://usdtoreros.com/images/2025/10/15/Helen_Holley_Head_Shot.png?width=80&quality=90
11,Malia Tharpe,San Diego Toreros,F,6-0,Jr.,"Cottesloe, Western Australia, Australia",FreeAgent,34.0,3.09,38.0,123.0,11.0,14.55,2.0,0.244,2.0,0.27,0.45,0.09,0.09,0.91,0.27,0.73,0.82,3.55,6.0,0.55,16.0,1.45,160.0,22.0,22.0,3.0,5.0,1.0,8.0,9.0,39.0,1.0,10.0,3.0,8.0,0.73,4.0,,malia tharpe,https://usdtoreros.com/images/2025/10/15/Malia_Tharpe_Head_Shot.png?width=80&quality=90
12,Erica Carr,San Diego Toreros,C,6-3,So.,"Grand Prairie, TX",FreeAgent,22.0,11.0,5.0,130.0,2.0,12.5,4.0,0.6,2.0,1.0,0.0,0.5,0.0,0.5,1.0,1.0,1.5,2.5,2.0,1.0,2.0,1.0,25.0,8.0,4.0,2.0,0.0,1.0,2.0,3.0,5.0,0.0,1.0,2.0,2.0,1.0,1.0,,erica carr,https://usdtoreros.com/images/2025/10/15/Erica_Carr_Headshot.png?width=80&quality=90
15,Eva Ruse,San Diego Toreros,F,6-2,So.,"North Vancouver, British Columbia, Canada",FreeAgent,159.0,12.23,17.0,64.5,13.0,15.38,4.92,0.5,4.69,0.31,0.54,0.62,0.08,0.31,1.31,1.54,1.77,3.62,28.0,2.15,33.0,2.54,200.0,64.0,61.0,4.0,7.0,8.0,20.0,23.0,47.0,1.0,4.0,17.0,32.0,2.46,6.0,,eva ruse,https://usdtoreros.com/images/2025/10/15/Eva_Ruse_Headshot.png?width=80&quality=90
19,Jayden Rhodes,San Diego Toreros,G,5-11,Sr.,"Keller, TX",UserTeam1,112.0,9.33,58.0,89.0,12.0,13.5,3.5,0.578,2.0,0.5,0.33,0.25,0.75,1.58,0.42,0.5,1.17,2.67,11.0,0.92,13.0,1.08,162.0,42.0,24.0,6.0,4.0,3.0,6.0,14.0,32.0,9.0,19.0,5.0,8.0,0.67,6.0,Morehead State,jayden rhodes,https://usdtoreros.com/images/2025/10/15/Jayden_Rhodes_Head_Shot.png?width=80&quality=90
20,Hallie Rhodes,San Diego Toreros,G,5-11,Sr.,"Keller, TX",FreeAgent,297.0,22.85,15.0,24.0,13.0,29.46,10.31,0.441,2.92,2.23,1.38,0.62,0.38,1.77,1.15,2.54,4.38,10.38,15.0,1.15,23.0,1.77,383.0,134.0,38.0,29.0,18.0,8.0,33.0,57.0,135.0,5.0,23.0,15.0,23.0,1.77,6.0,Morehead State,hallie rhodes,https://usdtoreros.com/images/2025/10/15/Hallie_Rhodes_Head_Shot.png?width=80&quality=90
22,Ayla Williams,San Diego Toreros,C,6-0,Fr.,"Las Vegas, NV",FreeAgent,224.0,17.23,1.0,39.0,13.0,18.0,5.08,0.405,7.31,0.54,0.54,1.08,0.0,0.0,2.77,1.23,1.15,2.85,42.0,3.23,53.0,4.08,234.0,66.0,95.0,7.0,7.0,14.0,16.0,15.0,37.0,0.0,0.0,36.0,58.0,4.46,6.0,,ayla williams,https://usdtoreros.com/images/2025/10/15/Ayla_Williams_Headshot.png?width=80&quality=90
24,Olivia Owens,San Diego Toreros,G,5-10,Fr.,"Columbus, OH",FreeAgent,210.0,16.15,29.0,45.5,13.0,29.08,9.77,0.343,4.38,2.31,1.69,0.08,1.31,4.85,1.85,3.54,3.31,11.54,15.0,1.15,42.0,3.23,378.0,127.0,57.0,30.0,22.0,1.0,46.0,43.0,150.0,17.0,63.0,24.0,30.0,2.31,6.0,,olivia owens,https://usdtoreros.com/images/2025/10/15/Olivia_Owens_Head_Shot.png?width=80&quality=90
